{
	"__comment": "by GodRicl",
	"textures": {
		"particle": "block/purpur_block",
		"texture": "block/purpur_block"
	},
	"elements": [ 	 
		{
			"__comment": "block",
			"from": [ 4, 0, 4 ],
			"to": [ 12, 16, 12 ],
			"faces": {
				"down": { "uv": [ 4, 4, 12, 12 ], "texture": "#texture" },
				"up": { "uv": [ 4, 4, 12, 12 ], "texture": "#texture" },
				"north": { "uv": [ 4, 0, 12, 16 ], "texture": "#texture" },
				"south": { "uv": [ 4, 0, 12, 16 ], "texture": "#texture" },
				"west": { "uv": [ 4, 0, 12, 16 ], "texture": "#texture" },
				"east": { "uv": [ 4, 0, 12, 16 ], "texture": "#texture" }
			}
		}
	]
}