{
	"__comment": "by GodRicl",
	"textures": {
		"particle": "block/alpha",
		"texture": "block/alpha"
	},
	"elements": [ 	 
		{
			"__comment": "block",
			"from": [ 8, 0, 8 ],
			"to": [ 9, 1, 9 ],
			"faces": {
				"down": { "uv": [ 8, 7, 9, 8 ], "texture": "#texture" },
				"up": { "uv": [ 8, 8, 9, 9 ], "texture": "#texture" },
				"north": { "uv": [ 7, 15, 8, 16 ], "texture": "#texture" },
				"south": { "uv": [ 8, 15, 9, 16 ], "texture": "#texture" },
				"west": { "uv": [ 8, 15, 9, 16 ], "texture": "#texture" },
				"east": { "uv": [ 7, 15, 8, 16 ], "texture": "#texture" }
			}
		}
	]
}