{
	"credit": "by GodRicl",
	"textures": {
		"texture": "block/black_concrete",
		"particle": "item/oak_sign"
	},
	"elements": [
		{
			"name": "black",
			"from": [1, 5.5, 6.5],
			"to": [15, 6.5, 9.5],
			"faces": {
				"north": {"uv": [1, 9.5, 15, 10.5], "texture": "#texture"},
				"east": {"uv": [6.5, 9.5, 9.5, 10.5], "texture": "#texture"},
				"south": {"uv": [1, 9.5, 15, 10.5], "texture": "#texture"},
				"west": {"uv": [6.5, 9.5, 9.5, 10.5], "texture": "#texture"},
				"up": {"uv": [1, 6.5, 15, 9.5], "texture": "#texture"},
				"down": {"uv": [1, 6.5, 15, 9.5], "texture": "#texture"}
			}
		},
		{
			"name": "black",
			"from": [1, 15, 6.5],
			"to": [15, 16, 9.5],
			"faces": {
				"north": {"uv": [1, 0, 15, 1], "texture": "#texture"},
				"east": {"uv": [6.5, 0, 9.5, 1], "texture": "#texture"},
				"south": {"uv": [1, 0, 15, 1], "texture": "#texture"},
				"west": {"uv": [6.5, 0, 9.5, 1], "texture": "#texture"},
				"up": {"uv": [1, 6.5, 15, 9.5], "texture": "#texture"},
				"down": {"uv": [1, 6.5, 15, 9.5], "texture": "#texture"}
			}
		},
		{
			"name": "black",
			"from": [15, 6.5, 6.5],
			"to": [16, 15, 9.5],
			"faces": {
				"north": {"uv": [0, 1, 1, 9.5], "texture": "#texture"},
				"east": {"uv": [6.5, 1, 9.5, 9.5], "texture": "#texture"},
				"south": {"uv": [15, 1, 16, 9.5], "texture": "#texture"},
				"west": {"uv": [6.5, 1, 9.5, 9.5], "texture": "#texture"},
				"up": {"uv": [15, 6.5, 16, 9.5], "texture": "#texture"},
				"down": {"uv": [15, 6.5, 16, 9.5], "texture": "#texture"}
			}
		},
		{
			"name": "black",
			"from": [0, 6.5, 6.5],
			"to": [1, 15, 9.5],
			"faces": {
				"north": {"uv": [15, 1, 16, 9.5], "texture": "#texture"},
				"east": {"uv": [6.5, 1, 9.5, 9.5], "texture": "#texture"},
				"south": {"uv": [0, 1, 1, 9.5], "texture": "#texture"},
				"west": {"uv": [6.5, 1, 9.5, 9.5], "texture": "#texture"},
				"up": {"uv": [0, 6.5, 1, 9.5], "texture": "#texture"},
				"down": {"uv": [0, 6.5, 1, 9.5], "texture": "#texture"}
			}
		},
		{
			"name": "bodyInner",
			"from": [1, 6.5, 7],
			"to": [15, 15, 9],
			"faces": {
				"north": {"uv": [1, 1, 15, 1.5], "texture": "#particle"},
				"east": {"uv": [7, 1, 9, 9.5], "texture": "#texture"},
				"south": {"uv": [1, 1, 15, 9.5], "texture": "#particle"},
				"west": {"uv": [7, 1, 9, 9.5], "texture": "#texture"},
				"up": {"uv": [1, 7, 15, 9], "texture": "#texture"},
				"down": {"uv": [1, 7, 15, 9], "texture": "#texture"}
			}
		},
		{
			"name": "black",
			"from": [6, 1, 7.5],
			"to": [7, 5.5, 8.5],
			"faces": {
				"north": {"uv": [9, 10.5, 10, 15], "texture": "#texture"},
				"east": {"uv": [7.5, 10.5, 8.5, 15], "texture": "#texture"},
				"south": {"uv": [6, 10.5, 7, 15], "texture": "#texture"},
				"west": {"uv": [7.5, 10.5, 8.5, 15], "texture": "#texture"},
				"up": {"uv": [6, 7.5, 7, 8.5], "texture": "#texture"},
				"down": {"uv": [6, 7.5, 7, 8.5], "texture": "#texture"}
			}
		},
		{
			"name": "black",
			"from": [9, 1, 7.5],
			"to": [10, 5.5, 8.5],
			"faces": {
				"north": {"uv": [6, 10.5, 7, 15], "texture": "#texture"},
				"east": {"uv": [7.5, 10.5, 8.5, 15], "texture": "#texture"},
				"south": {"uv": [9, 10.5, 10, 15], "texture": "#texture"},
				"west": {"uv": [7.5, 10.5, 8.5, 15], "texture": "#texture"},
				"up": {"uv": [9, 7.5, 10, 8.5], "texture": "#texture"},
				"down": {"uv": [9, 7.5, 10, 8.5], "texture": "#texture"}
			}
		},
		{
			"name": "stickColorTop",
			"from": [7, 2, 7],
			"to": [9, 5.5, 9],
			"rotation": {"angle": 0, "axis": "y", "origin": [0, 0, 0.5]},
			"faces": {
				"north": {"uv": [7.5, 11, 8.5, 12], "texture": "#particle"},
				"east": {"uv": [7.5, 11, 8.5, 12], "texture": "#particle"},
				"south": {"uv": [7.5, 11.5, 8.5, 12.5], "texture": "#particle"},
				"west": {"uv": [7.5, 11, 8.5, 12], "texture": "#particle"},
				"up": {"uv": [7.5, 11.5, 8.5, 12.5], "texture": "#particle"},
				"down": {"uv": [7.5, 11, 8.5, 12], "texture": "#particle"}
			}
		},
		{
			"name": "stickColorBottom",
			"from": [7, 1, 8.5],
			"to": [9, 2, 9],
			"faces": {
				"north": {"uv": [7.5, 14.5, 8.5, 15], "texture": "#particle"},
				"east": {"uv": [7.5, 14.5, 8.5, 15], "texture": "#particle"},
				"south": {"uv": [7.5, 14.5, 8.5, 15], "texture": "#particle"},
				"west": {"uv": [7.5, 14.5, 8.5, 15], "texture": "#particle"},
				"up": {"uv": [7.5, 14.5, 8.5, 15], "texture": "#particle"},
				"down": {"uv": [7.5, 14.5, 8.5, 15], "texture": "#particle"}
			}
		},
		{
			"name": "stickColorBottom",
			"from": [7, 1, 7],
			"to": [9, 2, 7.5],
			"faces": {
				"north": {"uv": [7.5, 14.5, 8.5, 15], "texture": "#particle"},
				"east": {"uv": [7.5, 14.5, 8.5, 15], "texture": "#particle"},
				"south": {"uv": [7.5, 14.5, 8.5, 15], "texture": "#particle"},
				"west": {"uv": [7.5, 14.5, 8.5, 15], "texture": "#particle"},
				"up": {"uv": [7.5, 14.5, 8.5, 15], "texture": "#particle"},
				"down": {"uv": [7.5, 14.5, 8.5, 15], "texture": "#particle"}
			}
		},
		{
			"name": "black",
			"from": [7, 0, 7.25],
			"to": [9, 1, 8.75],
			"faces": {
				"north": {"uv": [7, 15, 9, 16], "texture": "#texture"},
				"east": {"uv": [7.25, 15, 8.75, 16], "texture": "#texture"},
				"south": {"uv": [7, 15, 9, 16], "texture": "#texture"},
				"west": {"uv": [7.25, 15, 8.75, 16], "texture": "#texture"},
				"up": {"uv": [7, 7.25, 9, 8.75], "texture": "#texture"},
				"down": {"uv": [7, 7.25, 9, 8.75], "texture": "#texture"}
			}
		}
	]
}