{
	"__comment": "by GodRicl",
	"textures": {
		"particle": "block/polished_diorite_stairs_side",
		"texture": "block/polished_diorite_stairs_side"
	},
	"elements": [ 	 
		{
			"__comment": "bottom",
			"from": [ 8, 8, 0 ],
			"to": [ 16, 16, 16 ],
			"faces": {
				"down": { "uv": [ 6.5, 6.5, 16, 8 ], "texture": "#texture", "rotation": 270 },
				"up": { "uv": [ 0, 0, 16, 2 ], "texture": "#texture", "rotation": 90 },
				"north": { "uv": [ 8, 0, 16, 8 ], "texture": "#texture" },
				"south": { "uv": [ 8, 0, 16, 8 ], "texture": "#texture" },
				"west": { "uv": [ 8, 0, 16, 8 ], "texture": "#texture" },
				"east": { "uv": [ 8, 0, 16, 8 ], "texture": "#texture" }
			}
		},
		{
			"__comment": "bottom",
			"from": [ 0, 0, 0 ],
			"to": [ 8, 8, 16 ],
			"faces": {
				"down": { "uv": [ 8, 0, 16, 8 ], "texture": "#texture", "rotation": 270 },
				"up": { "uv": [ 8, 8, 16, 0 ], "texture": "#texture", "rotation": 90 },
				"north": { "uv": [ 0, 8, 8, 16 ], "texture": "#texture", "rotation": 180 },
				"south": { "uv": [ 0, 8, 8, 16 ], "texture": "#texture" },
				"west": { "uv": [ 0, 0, 16, 2 ], "texture": "#texture" },
				"east": { "uv": [ 6.5, 7, 8, 16 ], "texture": "#texture" }
			}
		},
		{
			"__comment": "bottom",
			"from": [ 0, 8, 0 ],
			"to": [ 8, 16, 16 ],
			"faces": {
				"down": { "uv": [ 8, 0, 16, 8 ], "texture": "#texture", "rotation": 270 },
				"up": { "uv": [ 0, 0, 16, 2 ], "texture": "#texture", "rotation": 90 },
				"north": { "uv": [ 0, 0, 8, 8 ], "texture": "#texture", "rotation": 90 },
				"south": { "uv": [ 0, 0, 8, 8 ], "texture": "#texture" },
				"west": { "uv": [ 0, 0, 16, 2 ], "texture": "#texture" },
				"east": { "uv": [ 2.5, 2.5, 6, 16 ], "texture": "#texture" }
			}
		}
	]
}