{
	"__comment": "by GodRicl",
	"textures": {
		"particle": "block/ButtonRed",
		"texture": "block/black_concrete"
	},
	"elements": [ 	 
		{
			"__comment": "Black",
			"from": [ 2, 0, 5 ],
			"to": [ 3, 1, 11 ],
			"faces": {
				"down": { "uv": [ 2, 5, 3, 11 ], "texture": "#texture" },
				"up": { "uv": [ 2, 5, 3, 11 ], "texture": "#texture" },
				"north": { "uv": [ 13, 15, 14, 16 ], "texture": "#texture" },
				"south": { "uv": [ 2, 15, 3, 16 ], "texture": "#texture" },
				"west": { "uv": [ 5, 15, 11, 16 ], "texture": "#texture" },
				"east": { "uv": [ 5, 15, 11, 16 ], "texture": "#texture" }
			}
		},
		{
			"__comment": "Black",
			"from": [ 5, 0, 2 ],
			"to": [ 11, 1, 3 ],
			"faces": {
				"down": { "uv": [ 5, 13, 11, 14 ], "texture": "#texture" },
				"up": { "uv": [ 5, 2, 11, 3 ], "texture": "#texture" },
				"north": { "uv": [ 5, 15, 11, 16 ], "texture": "#texture" },
				"south": { "uv": [ 5, 15, 11, 16 ], "texture": "#texture" },
				"west": { "uv": [ 2, 15, 3, 16 ], "texture": "#texture" },
				"east": { "uv": [ 13, 15, 14, 16 ], "texture": "#texture" }
			}
		},
		{
			"__comment": "Black",
			"from": [ 13, 0, 5 ],
			"to": [ 14, 1, 11 ],
			"faces": {
				"down": { "uv": [ 13, 5, 14, 11 ], "texture": "#texture" },
				"up": { "uv": [ 13, 5, 14, 11 ], "texture": "#texture" },
				"north": { "uv": [ 2, 15, 3, 16 ], "texture": "#texture" },
				"south": { "uv": [ 13, 15, 14, 16 ], "texture": "#texture" },
				"west": { "uv": [ 5, 15, 11, 16 ], "texture": "#texture" },
				"east": { "uv": [ 5, 15, 11, 16 ], "texture": "#texture" }
			}
		},
		{
			"__comment": "Black",
			"from": [ 5, 0, 13 ],
			"to": [ 11, 1, 14 ],
			"faces": {
				"down": { "uv": [ 5, 2, 11, 3 ], "texture": "#texture" },
				"up": { "uv": [ 5, 13, 11, 14 ], "texture": "#texture" },
				"north": { "uv": [ 5, 15, 11, 16 ], "texture": "#texture" },
				"south": { "uv": [ 5, 15, 11, 16 ], "texture": "#texture" },
				"west": { "uv": [ 13, 15, 14, 16 ], "texture": "#texture" },
				"east": { "uv": [ 2, 15, 3, 16 ], "texture": "#texture" }
			}
		},
		{
			"__comment": "Black",
			"from": [ 4, 0, 3 ],
			"to": [ 5, 1, 4 ],
			"faces": {
				"down": { "uv": [ 4, 12, 5, 13 ], "texture": "#texture" },
				"up": { "uv": [ 4, 3, 5, 4 ], "texture": "#texture" },
				"north": { "uv": [ 11, 15, 12, 16 ], "texture": "#texture" },
				"south": { "uv": [ 4, 15, 5, 16 ], "texture": "#texture" },
				"west": { "uv": [ 3, 15, 4, 16 ], "texture": "#texture" },
				"east": { "uv": [ 12, 15, 13, 16 ], "texture": "#texture" }
			}
		},
		{
			"__comment": "Black",
			"from": [ 3, 0, 4 ],
			"to": [ 4, 1, 5 ],
			"faces": {
				"down": { "uv": [ 3, 11, 4, 12 ], "texture": "#texture" },
				"up": { "uv": [ 3, 4, 4, 5 ], "texture": "#texture" },
				"north": { "uv": [ 12, 15, 13, 16 ], "texture": "#texture" },
				"south": { "uv": [ 3, 15, 4, 16 ], "texture": "#texture" },
				"west": { "uv": [ 4, 15, 5, 16 ], "texture": "#texture" },
				"east": { "uv": [ 11, 15, 12, 16 ], "texture": "#texture" }
			}
		},
		{
			"__comment": "Black",
			"from": [ 3, 0, 11 ],
			"to": [ 4, 1, 12 ],
			"faces": {
				"down": { "uv": [ 3, 4, 4, 5 ], "texture": "#texture" },
				"up": { "uv": [ 3, 11, 4, 12 ], "texture": "#texture" },
				"north": { "uv": [ 12, 15, 13, 16 ], "texture": "#texture" },
				"south": { "uv": [ 3, 15, 4, 16 ], "texture": "#texture" },
				"west": { "uv": [ 11, 15, 12, 16 ], "texture": "#texture" },
				"east": { "uv": [ 4, 15, 5, 16 ], "texture": "#texture" }
			}
		},
		{
			"__comment": "Black",
			"from": [ 4, 0, 12 ],
			"to": [ 5, 1, 13 ],
			"faces": {
				"down": { "uv": [ 4, 3, 5, 4 ], "texture": "#texture" },
				"up": { "uv": [ 4, 12, 5, 13 ], "texture": "#texture" },
				"north": { "uv": [ 11, 15, 12, 16 ], "texture": "#texture" },
				"south": { "uv": [ 4, 15, 5, 16 ], "texture": "#texture" },
				"west": { "uv": [ 12, 15, 13, 16 ], "texture": "#texture" },
				"east": { "uv": [ 3, 15, 4, 16 ], "texture": "#texture" }
			}
		},
		{
			"__comment": "Black",
			"from": [ 12, 0, 11 ],
			"to": [ 13, 1, 12 ],
			"faces": {
				"down": { "uv": [ 12, 4, 13, 5 ], "texture": "#texture" },
				"up": { "uv": [ 12, 11, 13, 12 ], "texture": "#texture" },
				"north": { "uv": [ 3, 15, 4, 16 ], "texture": "#texture" },
				"south": { "uv": [ 12, 15, 13, 16 ], "texture": "#texture" },
				"west": { "uv": [ 11, 15, 12, 16 ], "texture": "#texture" },
				"east": { "uv": [ 4, 15, 5, 16 ], "texture": "#texture" }
			}
		},
		{
			"__comment": "Black",
			"from": [ 11, 0, 12 ],
			"to": [ 12, 1, 13 ],
			"faces": {
				"down": { "uv": [ 11, 3, 12, 4 ], "texture": "#texture" },
				"up": { "uv": [ 11, 12, 12, 13 ], "texture": "#texture" },
				"north": { "uv": [ 4, 15, 5, 16 ], "texture": "#texture" },
				"south": { "uv": [ 11, 15, 12, 16 ], "texture": "#texture" },
				"west": { "uv": [ 12, 15, 13, 16 ], "texture": "#texture" },
				"east": { "uv": [ 3, 15, 4, 16 ], "texture": "#texture" }
			}
		},
		{
			"__comment": "Black",
			"from": [ 12, 0, 4 ],
			"to": [ 13, 1, 5 ],
			"faces": {
				"down": { "uv": [ 12, 11, 13, 12 ], "texture": "#texture" },
				"up": { "uv": [ 12, 4, 13, 5 ], "texture": "#texture" },
				"north": { "uv": [ 3, 15, 4, 16 ], "texture": "#texture" },
				"south": { "uv": [ 12, 15, 13, 16 ], "texture": "#texture" },
				"west": { "uv": [ 4, 15, 5, 16 ], "texture": "#texture" },
				"east": { "uv": [ 11, 15, 12, 16 ], "texture": "#texture" }
			}
		},
		{
			"__comment": "Black",
			"from": [ 11, 0, 3 ],
			"to": [ 12, 1, 4 ],
			"faces": {
				"down": { "uv": [ 11, 12, 12, 13 ], "texture": "#texture" },
				"up": { "uv": [ 11, 3, 12, 4 ], "texture": "#texture" },
				"north": { "uv": [ 4, 15, 5, 16 ], "texture": "#texture" },
				"south": { "uv": [ 11, 15, 12, 16 ], "texture": "#texture" },
				"west": { "uv": [ 3, 15, 4, 16 ], "texture": "#texture" },
				"east": { "uv": [ 12, 15, 13, 16 ], "texture": "#texture" }
			}
		},
		{
			"__comment": "Color",
			"from": [ 4, 0, 4 ],
			"to": [ 5, 2, 12 ],
			"faces": {
				"down": { "uv": [ 4, 4, 5, 12 ], "texture": "#particle" },
				"up": { "uv": [ 4, 4, 5, 12 ], "texture": "#particle" },
				"north": { "uv": [ 11, 14, 12, 16 ], "texture": "#particle" },
				"south": { "uv": [ 4, 14, 5, 16 ], "texture": "#particle" },
				"west": { "uv": [ 4, 14, 12, 16 ], "texture": "#particle" },
				"east": { "uv": [ 4, 14, 12, 16 ], "texture": "#particle" }
			}
		},
		{
			"__comment": "Color",
			"from": [ 5, 0, 3 ],
			"to": [ 11, 2, 13 ],
			"faces": {
				"down": { "uv": [ 5, 3, 11, 13 ], "texture": "#particle" },
				"up": { "uv": [ 5, 3, 11, 13 ], "texture": "#particle" },
				"north": { "uv": [ 5, 14, 11, 16 ], "texture": "#particle" },
				"south": { "uv": [ 5, 14, 11, 16 ], "texture": "#particle" },
				"west": { "uv": [ 3, 14, 13, 16 ], "texture": "#particle" },
				"east": { "uv": [ 3, 14, 13, 16 ], "texture": "#particle" }
			}
		},
		{
			"__comment": "Color",
			"from": [ 11, 0, 4 ],
			"to": [ 12, 2, 12 ],
			"faces": {
				"down": { "uv": [ 11, 4, 12, 12 ], "texture": "#particle" },
				"up": { "uv": [ 11, 4, 12, 12 ], "texture": "#particle" },
				"north": { "uv": [ 4, 14, 5, 16 ], "texture": "#particle" },
				"south": { "uv": [ 11, 14, 12, 16 ], "texture": "#particle" },
				"west": { "uv": [ 4, 14, 12, 16 ], "texture": "#particle" },
				"east": { "uv": [ 4, 14, 12, 16 ], "texture": "#particle" }
			}
		},
		{
			"__comment": "Color",
			"from": [ 12, 0, 5 ],
			"to": [ 13, 2, 11 ],
			"faces": {
				"down": { "uv": [ 12, 5, 13, 11 ], "texture": "#particle" },
				"up": { "uv": [ 12, 5, 13, 11 ], "texture": "#particle" },
				"north": { "uv": [ 3, 14, 4, 16 ], "texture": "#particle" },
				"south": { "uv": [ 12, 14, 13, 16 ], "texture": "#particle" },
				"west": { "uv": [ 5, 14, 11, 16 ], "texture": "#particle" },
				"east": { "uv": [ 5, 14, 11, 16 ], "texture": "#particle" }
			}
		},
		{
			"__comment": "Color",
			"from": [ 3, 0, 5 ],
			"to": [ 4, 2, 11 ],
			"faces": {
				"down": { "uv": [ 3, 5, 4, 11 ], "texture": "#particle" },
				"up": { "uv": [ 3, 5, 4, 11 ], "texture": "#particle" },
				"north": { "uv": [ 12, 14, 13, 16 ], "texture": "#particle" },
				"south": { "uv": [ 3, 14, 4, 16 ], "texture": "#particle" },
				"west": { "uv": [ 5, 14, 11, 16 ], "texture": "#particle" },
				"east": { "uv": [ 5, 14, 11, 16 ], "texture": "#particle" }
			}
		},
		{
			"__comment": "Color",
			"from": [ 5, 2, 4 ],
			"to": [ 11, 3, 12 ],
			"faces": {
				"down": { "uv": [ 5, 4, 11, 12 ], "texture": "#particle" },
				"up": { "uv": [ 5, 4, 11, 12 ], "texture": "#particle" },
				"north": { "uv": [ 5, 13, 11, 14 ], "texture": "#particle" },
				"south": { "uv": [ 5, 13, 11, 14 ], "texture": "#particle" },
				"west": { "uv": [ 4, 13, 12, 14 ], "texture": "#particle" },
				"east": { "uv": [ 4, 13, 12, 14 ], "texture": "#particle" }
			}
		},
		{
			"__comment": "Color",
			"from": [ 4, 2, 5 ],
			"to": [ 5, 3, 11 ],
			"faces": {
				"down": { "uv": [ 4, 5, 5, 11 ], "texture": "#particle" },
				"up": { "uv": [ 4, 5, 5, 11 ], "texture": "#particle" },
				"north": { "uv": [ 11, 13, 12, 14 ], "texture": "#particle" },
				"south": { "uv": [ 4, 13, 5, 14 ], "texture": "#particle" },
				"west": { "uv": [ 5, 13, 11, 14 ], "texture": "#particle" },
				"east": { "uv": [ 5, 13, 11, 14 ], "texture": "#particle" }
			}
		},
		{
			"__comment": "Color",
			"from": [ 11, 2, 5 ],
			"to": [ 12, 3, 11 ],
			"faces": {
				"down": { "uv": [ 11, 5, 12, 11 ], "texture": "#particle" },
				"up": { "uv": [ 11, 5, 12, 11 ], "texture": "#particle" },
				"north": { "uv": [ 4, 13, 5, 14 ], "texture": "#particle" },
				"south": { "uv": [ 11, 13, 12, 14 ], "texture": "#particle" },
				"west": { "uv": [ 5, 13, 11, 14 ], "texture": "#particle" },
				"east": { "uv": [ 5, 13, 11, 14 ], "texture": "#particle" }
			}
		},
		{
			"__comment": "Color",
			"from": [ 6.5, 3, 5.5 ],
			"to": [ 9.5, 8.5, 10.5 ],
			"faces": {
				"down": { "uv": [ 6.5, 5.5, 9.5, 10.5 ], "texture": "#particle" },
				"up": { "uv": [ 6.5, 5.5, 9.5, 10.5 ], "texture": "#particle" },
				"north": { "uv": [ 6.5, 7.5, 9.5, 13 ], "texture": "#particle" },
				"south": { "uv": [ 6.5, 7.5, 9.5, 13 ], "texture": "#particle" },
				"west": { "uv": [ 5.5, 7.5, 10.5, 13 ], "texture": "#particle" },
				"east": { "uv": [ 5.5, 7.5, 10.5, 13 ], "texture": "#particle" }
			}
		},
		{
			"__comment": "Black",
			"from": [ 9, 3, 9.25 ],
			"to": [ 10, 8.5, 10.25 ],
			"faces": {
				"down": { "uv": [ 9, 5.75, 10, 6.75 ], "texture": "#texture" },
				"up": { "uv": [ 9, 9.25, 10, 10.25 ], "texture": "#texture" },
				"north": { "uv": [ 6, 7.5, 7, 13 ], "texture": "#texture" },
				"south": { "uv": [ 9, 7.5, 10, 13 ], "texture": "#texture" },
				"west": { "uv": [ 9.25, 7.5, 10.25, 13 ], "texture": "#texture" },
				"east": { "uv": [ 5.75, 7.5, 6.75, 13 ], "texture": "#texture" }
			}
		},
		{
			"__comment": "Black",
			"from": [ 9, 3, 5.75 ],
			"to": [ 10, 8.5, 6.75 ],
			"faces": {
				"down": { "uv": [ 9, 9.25, 10, 10.25 ], "texture": "#texture" },
				"up": { "uv": [ 9, 5.75, 10, 6.75 ], "texture": "#texture" },
				"north": { "uv": [ 6, 7.5, 7, 13 ], "texture": "#texture" },
				"south": { "uv": [ 9, 7.5, 10, 13 ], "texture": "#texture" },
				"west": { "uv": [ 5.75, 7.5, 6.75, 13 ], "texture": "#texture" },
				"east": { "uv": [ 9.25, 7.5, 10.25, 13 ], "texture": "#texture" }
			}
		},
		{
			"__comment": "Black",
			"from": [ 5.875, 3, 5.75 ],
			"to": [ 6.875, 8.5, 6.75 ],
			"faces": {
				"down": { "uv": [ 5.875, 9.25, 6.875, 10.25 ], "texture": "#texture" },
				"up": { "uv": [ 5.875, 5.75, 6.875, 6.75 ], "texture": "#texture" },
				"north": { "uv": [ 9.125, 7.5, 10.125, 13 ], "texture": "#texture" },
				"south": { "uv": [ 5.875, 7.5, 6.875, 13 ], "texture": "#texture" },
				"west": { "uv": [ 5.75, 7.5, 6.75, 13 ], "texture": "#texture" },
				"east": { "uv": [ 9.25, 7.5, 10.25, 13 ], "texture": "#texture" }
			}
		},
		{
			"__comment": "Black",
			"from": [ 5.875, 3, 9.25 ],
			"to": [ 6.875, 8.5, 10.25 ],
			"faces": {
				"down": { "uv": [ 5.875, 5.75, 6.875, 6.75 ], "texture": "#texture" },
				"up": { "uv": [ 5.875, 9.25, 6.875, 10.25 ], "texture": "#texture" },
				"north": { "uv": [ 9.125, 7.5, 10.125, 13 ], "texture": "#texture" },
				"south": { "uv": [ 5.875, 7.5, 6.875, 13 ], "texture": "#texture" },
				"west": { "uv": [ 9.25, 7.5, 10.25, 13 ], "texture": "#texture" },
				"east": { "uv": [ 5.75, 7.5, 6.75, 13 ], "texture": "#texture" }
			}
		},
		{
			"__comment": "Color",
			"from": [ 5.5, 3, 6.5 ],
			"to": [ 6.5, 8.5, 9.5 ],
			"faces": {
				"down": { "uv": [ 5.5, 6.5, 6.5, 9.5 ], "texture": "#particle" },
				"up": { "uv": [ 5.5, 6.5, 6.5, 9.5 ], "texture": "#particle" },
				"north": { "uv": [ 9.5, 7.5, 10.5, 13 ], "texture": "#particle" },
				"south": { "uv": [ 5.5, 7.5, 6.5, 13 ], "texture": "#particle" },
				"west": { "uv": [ 6.5, 7.5, 9.5, 13 ], "texture": "#particle" },
				"east": { "uv": [ 6.5, 7.5, 9.5, 13 ], "texture": "#particle" }
			}
		},
		{
			"__comment": "Color",
			"from": [ 9.5, 3, 6.5 ],
			"to": [ 10.5, 8.5, 9.5 ],
			"faces": {
				"down": { "uv": [ 9.5, 6.5, 10.5, 9.5 ], "texture": "#particle" },
				"up": { "uv": [ 9.5, 6.5, 10.5, 9.5 ], "texture": "#particle" },
				"north": { "uv": [ 5.5, 7.5, 6.5, 13 ], "texture": "#particle" },
				"south": { "uv": [ 9.5, 7.5, 10.5, 13 ], "texture": "#particle" },
				"west": { "uv": [ 6.5, 7.5, 9.5, 13 ], "texture": "#particle" },
				"east": { "uv": [ 6.5, 7.5, 9.5, 13 ], "texture": "#particle" }
			}
		},
		{
			"__comment": "Color",
			"from": [ 4.375, 8.5, 3.25 ],
			"to": [ 11.575, 13.9, 12.85 ],
			"faces": {
				"down": { "uv": [ 4.375, 3.15, 11.575, 12.75 ], "texture": "#particle" },
				"up": { "uv": [ 4.375, 3.25, 11.575, 12.85 ], "texture": "#particle" },
				"north": { "uv": [ 4.425, 2.1, 11.625, 7.5 ], "texture": "#particle" },
				"south": { "uv": [ 4.375, 2.1, 11.575, 7.5 ], "texture": "#particle" },
				"west": { "uv": [ 3.25, 2.1, 12.85, 7.5 ], "texture": "#particle" },
				"east": { "uv": [ 3.15, 2.1, 12.75, 7.5 ], "texture": "#particle" }
			}
		},
		{
			"__comment": "Color",
			"from": [ 3.175, 8.5, 4.45 ],
			"to": [ 4.375, 13.9, 11.65 ],
			"faces": {
				"down": { "uv": [ 4, 5, 5, 11 ], "texture": "#particle" },
				"up": { "uv": [ 4, 5, 5, 11 ], "texture": "#particle" },
				"north": { "uv": [ 11, 3, 12, 7.5 ], "texture": "#particle" },
				"south": { "uv": [ 4, 3, 5, 7.5 ], "texture": "#particle" },
				"west": { "uv": [ 5, 3, 11, 7.5 ], "texture": "#particle" },
				"east": { "uv": [ 5, 3, 11, 7.5 ], "texture": "#particle" }
			}
		},
		{
			"__comment": "Color",
			"from": [ 11.575, 8.5, 4.45 ],
			"to": [ 12.775, 13.9, 11.65 ],
			"faces": {
				"down": { "uv": [ 11, 5, 12, 11 ], "texture": "#particle" },
				"up": { "uv": [ 11, 5, 12, 11 ], "texture": "#particle" },
				"north": { "uv": [ 4, 3, 5, 7.5 ], "texture": "#particle" },
				"south": { "uv": [ 11, 3, 12, 7.5 ], "texture": "#particle" },
				"west": { "uv": [ 5, 3, 11, 7.5 ], "texture": "#particle" },
				"east": { "uv": [ 5, 3, 11, 7.5 ], "texture": "#particle" }
			}
		},
		{
			"__comment": "Color",
			"from": [ 4.375, 9.7, 2.05 ],
			"to": [ 11.575, 12.7, 14.05 ],
			"faces": {
				"down": { "uv": [ 5, 3, 11, 13 ], "texture": "#particle" },
				"up": { "uv": [ 5, 3, 11, 13 ], "texture": "#particle" },
				"north": { "uv": [ 5, 4, 11, 6.5 ], "texture": "#particle" },
				"south": { "uv": [ 5, 4, 11, 6.5 ], "texture": "#particle" },
				"west": { "uv": [ 3, 4, 13, 6.5 ], "texture": "#particle" },
				"east": { "uv": [ 3, 4, 13, 6.5 ], "texture": "#particle" }
			}
		},
		{
			"__comment": "Color",
			"from": [ 3.175, 9.7, 3.25 ],
			"to": [ 4.375, 12.7, 12.85 ],
			"faces": {
				"down": { "uv": [ 4, 4, 5, 12 ], "texture": "#particle" },
				"up": { "uv": [ 4, 4, 5, 12 ], "texture": "#particle" },
				"north": { "uv": [ 11, 4, 12, 6.5 ], "texture": "#particle" },
				"south": { "uv": [ 4, 4, 5, 6.5 ], "texture": "#particle" },
				"west": { "uv": [ 4, 4, 12, 6.5 ], "texture": "#particle" },
				"east": { "uv": [ 4, 4, 12, 6.5 ], "texture": "#particle" }
			}
		},
		{
			"__comment": "Color",
			"from": [ 11.575, 9.7, 3.25 ],
			"to": [ 12.775, 12.7, 12.85 ],
			"faces": {
				"down": { "uv": [ 11, 4, 12, 12 ], "texture": "#particle" },
				"up": { "uv": [ 11, 4, 12, 12 ], "texture": "#particle" },
				"north": { "uv": [ 4, 4, 5, 6.5 ], "texture": "#particle" },
				"south": { "uv": [ 11, 4, 12, 6.5 ], "texture": "#particle" },
				"west": { "uv": [ 4, 4, 12, 6.5 ], "texture": "#particle" },
				"east": { "uv": [ 4, 4, 12, 6.5 ], "texture": "#particle" }
			}
		},
		{
			"__comment": "Color",
			"from": [ 1.975, 9.7, 4.45 ],
			"to": [ 3.175, 12.7, 11.65 ],
			"faces": {
				"down": { "uv": [ 3, 5, 4, 11 ], "texture": "#particle" },
				"up": { "uv": [ 3, 5, 4, 11 ], "texture": "#particle" },
				"north": { "uv": [ 12, 4, 13, 6.5 ], "texture": "#particle" },
				"south": { "uv": [ 3, 4, 4, 6.5 ], "texture": "#particle" },
				"west": { "uv": [ 5, 4, 11, 6.5 ], "texture": "#particle" },
				"east": { "uv": [ 5, 4, 11, 6.5 ], "texture": "#particle" }
			}
		},
		{
			"__comment": "Color",
			"from": [ 12.775, 9.7, 4.45 ],
			"to": [ 13.975, 12.7, 11.65 ],
			"faces": {
				"down": { "uv": [ 12, 5, 13, 11 ], "texture": "#particle" },
				"up": { "uv": [ 12, 5, 13, 11 ], "texture": "#particle" },
				"north": { "uv": [ 3, 4, 4, 6.5 ], "texture": "#particle" },
				"south": { "uv": [ 12, 4, 13, 6.5 ], "texture": "#particle" },
				"west": { "uv": [ 5, 4, 11, 6.5 ], "texture": "#particle" },
				"east": { "uv": [ 5, 4, 11, 6.5 ], "texture": "#particle" }
			}
		},
		{
			"__comment": "Color",
			"from": [ 4.375, 13.9, 4.45 ],
			"to": [ 11.575, 14.5, 11.65 ],
			"faces": {
				"down": { "uv": [ 5, 5, 11, 11 ], "texture": "#particle" },
				"up": { "uv": [ 5, 5, 11, 11 ], "texture": "#particle" },
				"north": { "uv": [ 5, 2.5, 11, 3 ], "texture": "#particle" },
				"south": { "uv": [ 5, 2.5, 11, 3 ], "texture": "#particle" },
				"west": { "uv": [ 5, 2.5, 11, 3 ], "texture": "#particle" },
				"east": { "uv": [ 5, 2.5, 11, 3 ], "texture": "#particle" }
			}
		},
		{
			"__comment": "Color",
			"from": [ 6.5, 8, 10.5 ],
			"to": [ 9.5, 8.5, 11 ],
			"faces": {
				"down": { "uv": [ 6.5, 5, 9.5, 5.5 ], "texture": "#particle" },
				"up": { "uv": [ 6.5, 10.5, 9.5, 11 ], "texture": "#particle" },
				"north": { "uv": [ 6.5, 7.5, 9.5, 8 ], "texture": "#particle" },
				"south": { "uv": [ 6.5, 7.5, 9.5, 8 ], "texture": "#particle" },
				"west": { "uv": [ 10.5, 7.5, 11, 8 ], "texture": "#particle" },
				"east": { "uv": [ 5, 7.5, 5.5, 8 ], "texture": "#particle" }
			}
		},
		{
			"__comment": "Color",
			"from": [ 6.5, 8, 5 ],
			"to": [ 9.5, 8.5, 5.5 ],
			"faces": {
				"down": { "uv": [ 6.5, 10.5, 9.5, 11 ], "texture": "#particle" },
				"up": { "uv": [ 6.5, 5, 9.5, 5.5 ], "texture": "#particle" },
				"north": { "uv": [ 6.5, 7.5, 9.5, 8 ], "texture": "#particle" },
				"south": { "uv": [ 6.5, 7.5, 9.5, 8 ], "texture": "#particle" },
				"west": { "uv": [ 5, 7.5, 5.5, 8 ], "texture": "#particle" },
				"east": { "uv": [ 10.5, 7.5, 11, 8 ], "texture": "#particle" }
			}
		},
		{
			"__comment": "Color",
			"from": [ 5, 8, 6.5 ],
			"to": [ 5.5, 8.5, 9.5 ],
			"faces": {
				"down": { "uv": [ 5, 6.5, 5.5, 9.5 ], "texture": "#particle" },
				"up": { "uv": [ 5, 6.5, 5.5, 9.5 ], "texture": "#particle" },
				"north": { "uv": [ 10.5, 7.5, 11, 8 ], "texture": "#particle" },
				"south": { "uv": [ 5, 7.5, 5.5, 8 ], "texture": "#particle" },
				"west": { "uv": [ 6.5, 7.5, 9.5, 8 ], "texture": "#particle" },
				"east": { "uv": [ 6.5, 7.5, 9.5, 8 ], "texture": "#particle" }
			}
		},
		{
			"__comment": "Color",
			"from": [ 5, 8, 6.5 ],
			"to": [ 5.5, 8.5, 9.5 ],
			"faces": {
				"down": { "uv": [ 5, 6.5, 5.5, 9.5 ], "texture": "#particle" },
				"up": { "uv": [ 5, 6.5, 5.5, 9.5 ], "texture": "#particle" },
				"north": { "uv": [ 10.5, 7.5, 11, 8 ], "texture": "#particle" },
				"south": { "uv": [ 5, 7.5, 5.5, 8 ], "texture": "#particle" },
				"west": { "uv": [ 6.5, 7.5, 9.5, 8 ], "texture": "#particle" },
				"east": { "uv": [ 6.5, 7.5, 9.5, 8 ], "texture": "#particle" }
			}
		},
		{
			"__comment": "Color",
			"from": [ 10.5, 8, 6.5 ],
			"to": [ 11, 8.5, 9.5 ],
			"faces": {
				"down": { "uv": [ 10.5, 6.5, 11, 9.5 ], "texture": "#particle" },
				"up": { "uv": [ 10.5, 6.5, 11, 9.5 ], "texture": "#particle" },
				"north": { "uv": [ 5, 7.5, 5.5, 8 ], "texture": "#particle" },
				"south": { "uv": [ 10.5, 7.5, 11, 8 ], "texture": "#particle" },
				"west": { "uv": [ 6.5, 7.5, 9.5, 8 ], "texture": "#particle" },
				"east": { "uv": [ 6.5, 7.5, 9.5, 8 ], "texture": "#particle" }
			}
		}
	]
}