{
	"__comment": "by GodRicl",
	"textures": {
		"particle": "block/StoneTablet2",
		"texture": "block/StoneTablet2",
		"black": "block/black_concrete"
	},
	"elements": [ 	 
		{
			"__comment": "sideblack",
			"from": [ 30.5, 0, 14 ],
			"to": [ 32, 25.5, 16.5 ],
			"faces": {
				"down": { "uv": [ 0, 0, 16, 16 ], "texture": "#black", "rotation": 180 },
				"up": { "uv": [ 0, 0, 16, 16 ], "texture": "#black", "rotation": 180 },
				"north": { "uv": [ 0, 0, 16, 16 ], "texture": "#black" },
				"south": { "uv": [ 0, 0, 16, 16 ], "texture": "#black" },
				"west": { "uv": [ 0, 0, 16, 16 ], "texture": "#black" },
				"east": { "uv": [ 0, 0, 16, 16 ], "texture": "#black" }
			}
		},
		{
			"__comment": "sideblack",
			"from": [ 2, 24, 14 ],
			"to": [ 30.5, 25.5, 16.5 ],
			"faces": {
				"down": { "uv": [ 0, 0, 16, 16 ], "texture": "#black", "rotation": 180 },
				"up": { "uv": [ 0, 0, 16, 16 ], "texture": "#black", "rotation": 180 },
				"north": { "uv": [ 0, 0, 16, 16 ], "texture": "#black" },
				"south": { "uv": [ 0, 0, 16, 16 ], "texture": "#black" },
				"west": { "uv": [ 0, 0, 16, 16 ], "texture": "#black" },
				"east": { "uv": [ 0, 0, 16, 16 ], "texture": "#black" }
			}
		},
		{
			"__comment": "sideblack",
			"from": [ -16, 23, 14 ],
			"to": [ 2, 24, 16.5 ],
			"faces": {
				"down": { "uv": [ 0, 0, 16, 16 ], "texture": "#black", "rotation": 180 },
				"up": { "uv": [ 0, 0, 16, 16 ], "texture": "#black", "rotation": 180 },
				"north": { "uv": [ 0, 0, 16, 16 ], "texture": "#black" },
				"south": { "uv": [ 0, 0, 16, 16 ], "texture": "#black" },
				"west": { "uv": [ 0, 0, 16, 16 ], "texture": "#black" },
				"east": { "uv": [ 0, 0, 16, 16 ], "texture": "#black" }
			}
		},
		{
			"__comment": "sideblack",
			"from": [ -16, 0, 14 ],
			"to": [ -15, 23, 16.5 ],
			"faces": {
				"down": { "uv": [ 0, 0, 16, 16 ], "texture": "#black", "rotation": 180 },
				"up": { "uv": [ 0, 0, 16, 16 ], "texture": "#black", "rotation": 180 },
				"north": { "uv": [ 0, 0, 16, 16 ], "texture": "#black" },
				"south": { "uv": [ 0, 0, 16, 16 ], "texture": "#black" },
				"west": { "uv": [ 0, 0, 16, 16 ], "texture": "#black" },
				"east": { "uv": [ 0, 0, 16, 16 ], "texture": "#black" }
			}
		},
		{
			"__comment": "sideblack",
			"from": [ -15, 0, 14 ],
			"to": [ 11.5, 1, 16.5 ],
			"faces": {
				"down": { "uv": [ 0, 0, 16, 16 ], "texture": "#black", "rotation": 180 },
				"up": { "uv": [ 0, 0, 16, 16 ], "texture": "#black", "rotation": 180 },
				"north": { "uv": [ 0, 0, 16, 16 ], "texture": "#black" },
				"south": { "uv": [ 0, 0, 16, 16 ], "texture": "#black" },
				"west": { "uv": [ 0, 0, 16, 16 ], "texture": "#black" },
				"east": { "uv": [ 0, 0, 16, 16 ], "texture": "#black" }
			}
		},
		{
			"__comment": "sideblack",
			"from": [ 11.5, 1, 14 ],
			"to": [ 30.5, 2.5, 16.5 ],
			"faces": {
				"down": { "uv": [ 0, 0, 16, 16 ], "texture": "#black", "rotation": 180 },
				"up": { "uv": [ 0, 0, 16, 16 ], "texture": "#black", "rotation": 180 },
				"north": { "uv": [ 0, 0, 16, 16 ], "texture": "#black" },
				"south": { "uv": [ 0, 0, 16, 16 ], "texture": "#black" },
				"west": { "uv": [ 0, 0, 16, 16 ], "texture": "#black" },
				"east": { "uv": [ 0, 0, 16, 16 ], "texture": "#black" }
			}
		},
		{
			"__comment": "innerlight",
			"from": [ 28, 16.5, 14.5 ],
			"to": [ 30.5, 24, 16 ],
			"faces": {
				"down": { "uv": [ 0.5, 2, 1, 3 ], "texture": "#texture", "rotation": 180 },
				"up": { "uv": [ 0.5, 2, 1, 3 ], "texture": "#texture", "rotation": 180 },
				"north": { "uv": [ 0.5, 2, 1, 3 ], "texture": "#texture" },
				"south": { "uv": [ 0.5, 2, 1, 3 ], "texture": "#texture" },
				"west": { "uv": [ 0.5, 2, 1, 3 ], "texture": "#texture" },
				"east": { "uv": [ 0.5, 2, 1, 3 ], "texture": "#texture" }
			}
		},
		{
			"__comment": "innerlight",
			"from": [ 28, 9, 14.5 ],
			"to": [ 29.5, 16.5, 16 ],
			"faces": {
				"down": { "uv": [ 0.5, 2, 1, 3 ], "texture": "#texture", "rotation": 180 },
				"up": { "uv": [ 0.5, 2, 1, 3 ], "texture": "#texture", "rotation": 180 },
				"north": { "uv": [ 0.5, 2, 1, 3 ], "texture": "#texture" },
				"south": { "uv": [ 0.5, 2, 1, 3 ], "texture": "#texture" },
				"west": { "uv": [ 0.5, 2, 1, 3 ], "texture": "#texture" },
				"east": { "uv": [ 0.5, 2, 1, 3 ], "texture": "#texture" }
			}
		},
		{
			"__comment": "innerlight",
			"from": [ 27, 11.5, 14.5 ],
			"to": [ 28, 14, 16 ],
			"faces": {
				"down": { "uv": [ 0.5, 2, 1, 3 ], "texture": "#texture", "rotation": 180 },
				"up": { "uv": [ 0.5, 2, 1, 3 ], "texture": "#texture", "rotation": 180 },
				"north": { "uv": [ 0.5, 2, 1, 3 ], "texture": "#texture" },
				"south": { "uv": [ 0.5, 2, 1, 3 ], "texture": "#texture" },
				"west": { "uv": [ 0.5, 2, 1, 3 ], "texture": "#texture" },
				"east": { "uv": [ 0.5, 2, 1, 3 ], "texture": "#texture" }
			}
		},
		{
			"__comment": "innerlight",
			"from": [ 2, 23, 14.5 ],
			"to": [ 28, 24, 16 ],
			"faces": {
				"down": { "uv": [ 0.5, 2, 1, 3 ], "texture": "#texture", "rotation": 180 },
				"up": { "uv": [ 0.5, 2, 1, 3 ], "texture": "#texture", "rotation": 180 },
				"north": { "uv": [ 0.5, 2, 1, 3 ], "texture": "#texture" },
				"south": { "uv": [ 0.5, 2, 1, 3 ], "texture": "#texture" },
				"west": { "uv": [ 0.5, 2, 1, 3 ], "texture": "#texture" },
				"east": { "uv": [ 0.5, 2, 1, 3 ], "texture": "#texture" }
			}
		},
		{
			"__comment": "innerlight",
			"from": [ -15, 21.5, 14.5 ],
			"to": [ 2, 23, 16 ],
			"faces": {
				"down": { "uv": [ 0.5, 2, 1, 3 ], "texture": "#texture", "rotation": 180 },
				"up": { "uv": [ 0.5, 2, 1, 3 ], "texture": "#texture", "rotation": 180 },
				"north": { "uv": [ 0.5, 2, 1, 3 ], "texture": "#texture" },
				"south": { "uv": [ 0.5, 2, 1, 3 ], "texture": "#texture" },
				"west": { "uv": [ 0.5, 2, 1, 3 ], "texture": "#texture" },
				"east": { "uv": [ 0.5, 2, 1, 3 ], "texture": "#texture" }
			}
		},
		{
			"__comment": "innerlight",
			"from": [ -15, 15, 14.5 ],
			"to": [ -12.5, 20.5, 16 ],
			"faces": {
				"down": { "uv": [ 0.5, 2, 1, 3 ], "texture": "#texture", "rotation": 180 },
				"up": { "uv": [ 0.5, 2, 1, 3 ], "texture": "#texture", "rotation": 180 },
				"north": { "uv": [ 0.5, 2, 1, 3 ], "texture": "#texture" },
				"south": { "uv": [ 0.5, 2, 1, 3 ], "texture": "#texture" },
				"west": { "uv": [ 0.5, 2, 1, 3 ], "texture": "#texture" },
				"east": { "uv": [ 0.5, 2, 1, 3 ], "texture": "#texture" }
			}
		},
		{
			"__comment": "innerlight",
			"from": [ -15, 20.5, 14.5 ],
			"to": [ 1, 21.5, 16 ],
			"faces": {
				"down": { "uv": [ 0.5, 2, 1, 3 ], "texture": "#texture", "rotation": 180 },
				"up": { "uv": [ 0.5, 2, 1, 3 ], "texture": "#texture", "rotation": 180 },
				"north": { "uv": [ 0.5, 2, 1, 3 ], "texture": "#texture" },
				"south": { "uv": [ 0.5, 2, 1, 3 ], "texture": "#texture" },
				"west": { "uv": [ 0.5, 2, 1, 3 ], "texture": "#texture" },
				"east": { "uv": [ 0.5, 2, 1, 3 ], "texture": "#texture" }
			}
		},
		{
			"__comment": "innerlight",
			"from": [ -13.5, 9, 14.5 ],
			"to": [ -12.5, 15, 16 ],
			"faces": {
				"down": { "uv": [ 0.5, 2, 1, 3 ], "texture": "#texture", "rotation": 180 },
				"up": { "uv": [ 0.5, 2, 1, 3 ], "texture": "#texture", "rotation": 180 },
				"north": { "uv": [ 0.5, 2, 1, 3 ], "texture": "#texture" },
				"south": { "uv": [ 0.5, 2, 1, 3 ], "texture": "#texture" },
				"west": { "uv": [ 0.5, 2, 1, 3 ], "texture": "#texture" },
				"east": { "uv": [ 0.5, 2, 1, 3 ], "texture": "#texture" }
			}
		},
		{
			"__comment": "innerdark",
			"from": [ 2, 19, 14.5 ],
			"to": [ 28, 23, 16 ],
			"faces": {
				"down": { "uv": [ 1.5, 2, 2, 3 ], "texture": "#texture", "rotation": 180 },
				"up": { "uv": [ 1.5, 2, 2, 3 ], "texture": "#texture", "rotation": 180 },
				"north": { "uv": [ 1.5, 2, 2, 3 ], "texture": "#texture" },
				"south": { "uv": [ 1.5, 2, 2, 3 ], "texture": "#texture" },
				"west": { "uv": [ 1.5, 2, 2, 3 ], "texture": "#texture" },
				"east": { "uv": [ 1.5, 2, 2, 3 ], "texture": "#texture" }
			}
		},
		{
			"__comment": "innerdark",
			"from": [ 1, 19, 14.5 ],
			"to": [ 2, 21.5, 16 ],
			"faces": {
				"down": { "uv": [ 1.5, 2, 2, 3 ], "texture": "#texture", "rotation": 180 },
				"up": { "uv": [ 1.5, 2, 2, 3 ], "texture": "#texture", "rotation": 180 },
				"north": { "uv": [ 1.5, 2, 2, 3 ], "texture": "#texture" },
				"south": { "uv": [ 1.5, 2, 2, 3 ], "texture": "#texture" },
				"west": { "uv": [ 1.5, 2, 2, 3 ], "texture": "#texture" },
				"east": { "uv": [ 1.5, 2, 2, 3 ], "texture": "#texture" }
			}
		},
		{
			"__comment": "innerdark",
			"from": [ -12.5, 19, 14.5 ],
			"to": [ 1, 20.5, 16 ],
			"faces": {
				"down": { "uv": [ 1.5, 2, 2, 3 ], "texture": "#texture", "rotation": 180 },
				"up": { "uv": [ 1.5, 2, 2, 3 ], "texture": "#texture", "rotation": 180 },
				"north": { "uv": [ 1.5, 2, 2, 3 ], "texture": "#texture" },
				"south": { "uv": [ 1.5, 2, 2, 3 ], "texture": "#texture" },
				"west": { "uv": [ 1.5, 2, 2, 3 ], "texture": "#texture" },
				"east": { "uv": [ 1.5, 2, 2, 3 ], "texture": "#texture" }
			}
		},
		{
			"__comment": "innerdark",
			"from": [ -15, 1, 14.5 ],
			"to": [ -13.5, 15, 16 ],
			"faces": {
				"down": { "uv": [ 1.5, 2, 2, 3 ], "texture": "#texture", "rotation": 180 },
				"up": { "uv": [ 1.5, 2, 2, 3 ], "texture": "#texture", "rotation": 180 },
				"north": { "uv": [ 1.5, 2, 2, 3 ], "texture": "#texture" },
				"south": { "uv": [ 1.5, 2, 2, 3 ], "texture": "#texture" },
				"west": { "uv": [ 1.5, 2, 2, 3 ], "texture": "#texture" },
				"east": { "uv": [ 1.5, 2, 2, 3 ], "texture": "#texture" }
			}
		},
		{
			"__comment": "innerdark",
			"from": [ -13.5, 1, 14.5 ],
			"to": [ -12.5, 9, 16 ],
			"faces": {
				"down": { "uv": [ 1.5, 2, 2, 3 ], "texture": "#texture", "rotation": 180 },
				"up": { "uv": [ 1.5, 2, 2, 3 ], "texture": "#texture", "rotation": 180 },
				"north": { "uv": [ 1.5, 2, 2, 3 ], "texture": "#texture" },
				"south": { "uv": [ 1.5, 2, 2, 3 ], "texture": "#texture" },
				"west": { "uv": [ 1.5, 2, 2, 3 ], "texture": "#texture" },
				"east": { "uv": [ 1.5, 2, 2, 3 ], "texture": "#texture" }
			}
		},
		{
			"__comment": "innerdark",
			"from": [ -12.5, 1, 14.5 ],
			"to": [ -11.5, 19, 16 ],
			"faces": {
				"down": { "uv": [ 1.5, 2, 2, 3 ], "texture": "#texture", "rotation": 180 },
				"up": { "uv": [ 1.5, 2, 2, 3 ], "texture": "#texture", "rotation": 180 },
				"north": { "uv": [ 1.5, 2, 2, 3 ], "texture": "#texture" },
				"south": { "uv": [ 1.5, 2, 2, 3 ], "texture": "#texture" },
				"west": { "uv": [ 1.5, 2, 2, 3 ], "texture": "#texture" },
				"east": { "uv": [ 1.5, 2, 2, 3 ], "texture": "#texture" }
			}
		},
		{
			"__comment": "innerdark",
			"from": [ 29.5, 2.5, 14.5 ],
			"to": [ 30.5, 16.5, 16 ],
			"faces": {
				"down": { "uv": [ 1.5, 2, 2, 3 ], "texture": "#texture", "rotation": 180 },
				"up": { "uv": [ 1.5, 2, 2, 3 ], "texture": "#texture", "rotation": 180 },
				"north": { "uv": [ 1.5, 2, 2, 3 ], "texture": "#texture" },
				"south": { "uv": [ 1.5, 2, 2, 3 ], "texture": "#texture" },
				"west": { "uv": [ 1.5, 2, 2, 3 ], "texture": "#texture" },
				"east": { "uv": [ 1.5, 2, 2, 3 ], "texture": "#texture" }
			}
		},
		{
			"__comment": "innerdark",
			"from": [ 26, 14, 14.5 ],
			"to": [ 28, 19, 16 ],
			"faces": {
				"down": { "uv": [ 1.5, 2, 2, 3 ], "texture": "#texture", "rotation": 180 },
				"up": { "uv": [ 1.5, 2, 2, 3 ], "texture": "#texture", "rotation": 180 },
				"north": { "uv": [ 1.5, 2, 2, 3 ], "texture": "#texture" },
				"south": { "uv": [ 1.5, 2, 2, 3 ], "texture": "#texture" },
				"west": { "uv": [ 1.5, 2, 2, 3 ], "texture": "#texture" },
				"east": { "uv": [ 1.5, 2, 2, 3 ], "texture": "#texture" }
			}
		},
		{
			"__comment": "innerdark",
			"from": [ 28, 2.5, 14.5 ],
			"to": [ 29.5, 9, 16 ],
			"faces": {
				"down": { "uv": [ 1.5, 2, 2, 3 ], "texture": "#texture", "rotation": 180 },
				"up": { "uv": [ 1.5, 2, 2, 3 ], "texture": "#texture", "rotation": 180 },
				"north": { "uv": [ 1.5, 2, 2, 3 ], "texture": "#texture" },
				"south": { "uv": [ 1.5, 2, 2, 3 ], "texture": "#texture" },
				"west": { "uv": [ 1.5, 2, 2, 3 ], "texture": "#texture" },
				"east": { "uv": [ 1.5, 2, 2, 3 ], "texture": "#texture" }
			}
		},
		{
			"__comment": "innerdark",
			"from": [ 27, 2.5, 14.5 ],
			"to": [ 28, 11.5, 16 ],
			"faces": {
				"down": { "uv": [ 1.5, 2, 2, 3 ], "texture": "#texture", "rotation": 180 },
				"up": { "uv": [ 1.5, 2, 2, 3 ], "texture": "#texture", "rotation": 180 },
				"north": { "uv": [ 1.5, 2, 2, 3 ], "texture": "#texture" },
				"south": { "uv": [ 1.5, 2, 2, 3 ], "texture": "#texture" },
				"west": { "uv": [ 1.5, 2, 2, 3 ], "texture": "#texture" },
				"east": { "uv": [ 1.5, 2, 2, 3 ], "texture": "#texture" }
			}
		},
		{
			"__comment": "innerdark",
			"from": [ -11.5, 2.5, 14.5 ],
			"to": [ 27, 5, 16 ],
			"faces": {
				"down": { "uv": [ 1.5, 2, 2, 3 ], "texture": "#texture", "rotation": 180 },
				"up": { "uv": [ 1.5, 2, 2, 3 ], "texture": "#texture", "rotation": 180 },
				"north": { "uv": [ 1.5, 2, 2, 3 ], "texture": "#texture" },
				"south": { "uv": [ 1.5, 2, 2, 3 ], "texture": "#texture" },
				"west": { "uv": [ 1.5, 2, 2, 3 ], "texture": "#texture" },
				"east": { "uv": [ 1.5, 2, 2, 3 ], "texture": "#texture" }
			}
		},
		{
			"__comment": "innerdark",
			"from": [ -11.5, 1, 14.5 ],
			"to": [ 11.5, 2.5, 16 ],
			"faces": {
				"down": { "uv": [ 1.5, 2, 2, 3 ], "texture": "#texture", "rotation": 180 },
				"up": { "uv": [ 1.5, 2, 2, 3 ], "texture": "#texture", "rotation": 180 },
				"north": { "uv": [ 1.5, 2, 2, 3 ], "texture": "#texture" },
				"south": { "uv": [ 1.5, 2, 2, 3 ], "texture": "#texture" },
				"west": { "uv": [ 1.5, 2, 2, 3 ], "texture": "#texture" },
				"east": { "uv": [ 1.5, 2, 2, 3 ], "texture": "#texture" }
			}
		},
		{
			"__comment": "innerdark",
			"from": [ 26, 7.5, 14.5 ],
			"to": [ 27, 14, 16 ],
			"faces": {
				"down": { "uv": [ 1.5, 2, 2, 3 ], "texture": "#texture", "rotation": 180 },
				"up": { "uv": [ 1.5, 2, 2, 3 ], "texture": "#texture", "rotation": 180 },
				"north": { "uv": [ 1.5, 2, 2, 3 ], "texture": "#texture" },
				"south": { "uv": [ 1.5, 2, 2, 3 ], "texture": "#texture" },
				"west": { "uv": [ 1.5, 2, 2, 3 ], "texture": "#texture" },
				"east": { "uv": [ 1.5, 2, 2, 3 ], "texture": "#texture" }
			}
		},
		{
			"__comment": "innerdark",
			"from": [ 25, 8.5, 14.5 ],
			"to": [ 26, 15, 16 ],
			"faces": {
				"down": { "uv": [ 1.5, 2, 2, 3 ], "texture": "#texture", "rotation": 180 },
				"up": { "uv": [ 1.5, 2, 2, 3 ], "texture": "#texture", "rotation": 180 },
				"north": { "uv": [ 1.5, 2, 2, 3 ], "texture": "#texture" },
				"south": { "uv": [ 1.5, 2, 2, 3 ], "texture": "#texture" },
				"west": { "uv": [ 1.5, 2, 2, 3 ], "texture": "#texture" },
				"east": { "uv": [ 1.5, 2, 2, 3 ], "texture": "#texture" }
			}
		},
		{
			"__comment": "innerdark",
			"from": [ -11.5, 14, 14.5 ],
			"to": [ 25, 15, 16 ],
			"faces": {
				"down": { "uv": [ 1.5, 2, 2, 3 ], "texture": "#texture", "rotation": 180 },
				"up": { "uv": [ 1.5, 2, 2, 3 ], "texture": "#texture", "rotation": 180 },
				"north": { "uv": [ 1.5, 2, 2, 3 ], "texture": "#texture" },
				"south": { "uv": [ 1.5, 2, 2, 3 ], "texture": "#texture" },
				"west": { "uv": [ 1.5, 2, 2, 3 ], "texture": "#texture" },
				"east": { "uv": [ 1.5, 2, 2, 3 ], "texture": "#texture" }
			}
		},
		{
			"__comment": "innerdark",
			"from": [ -11.5, 9, 14.5 ],
			"to": [ 25, 10, 16 ],
			"faces": {
				"down": { "uv": [ 1.5, 2, 2, 3 ], "texture": "#texture", "rotation": 180 },
				"up": { "uv": [ 1.5, 2, 2, 3 ], "texture": "#texture", "rotation": 180 },
				"north": { "uv": [ 1.5, 2, 2, 3 ], "texture": "#texture" },
				"south": { "uv": [ 1.5, 2, 2, 3 ], "texture": "#texture" },
				"west": { "uv": [ 1.5, 2, 2, 3 ], "texture": "#texture" },
				"east": { "uv": [ 1.5, 2, 2, 3 ], "texture": "#texture" }
			}
		},
		{
			"__comment": "innerdark",
			"from": [ -11.5, 10, 14.5 ],
			"to": [ -8, 14, 16 ],
			"faces": {
				"down": { "uv": [ 1.5, 2, 2, 3 ], "texture": "#texture", "rotation": 180 },
				"up": { "uv": [ 1.5, 2, 2, 3 ], "texture": "#texture", "rotation": 180 },
				"north": { "uv": [ 1.5, 2, 2, 3 ], "texture": "#texture" },
				"south": { "uv": [ 1.5, 2, 2, 3 ], "texture": "#texture" },
				"west": { "uv": [ 1.5, 2, 2, 3 ], "texture": "#texture" },
				"east": { "uv": [ 1.5, 2, 2, 3 ], "texture": "#texture" }
			}
		},
		{
			"__comment": "innerdark",
			"from": [ -7.5, 15, 14.5 ],
			"to": [ -6.5, 19, 16 ],
			"faces": {
				"down": { "uv": [ 1.5, 2, 2, 3 ], "texture": "#texture", "rotation": 180 },
				"up": { "uv": [ 1.5, 2, 2, 3 ], "texture": "#texture", "rotation": 180 },
				"north": { "uv": [ 1.5, 2, 2, 3 ], "texture": "#texture" },
				"south": { "uv": [ 1.5, 2, 2, 3 ], "texture": "#texture" },
				"west": { "uv": [ 1.5, 2, 2, 3 ], "texture": "#texture" },
				"east": { "uv": [ 1.5, 2, 2, 3 ], "texture": "#texture" }
			}
		},
		{
			"__comment": "innerdark",
			"from": [ -3, 15, 14.5 ],
			"to": [ -1.5, 19, 16 ],
			"faces": {
				"down": { "uv": [ 1.5, 2, 2, 3 ], "texture": "#texture", "rotation": 180 },
				"up": { "uv": [ 1.5, 2, 2, 3 ], "texture": "#texture", "rotation": 180 },
				"north": { "uv": [ 1.5, 2, 2, 3 ], "texture": "#texture" },
				"south": { "uv": [ 1.5, 2, 2, 3 ], "texture": "#texture" },
				"west": { "uv": [ 1.5, 2, 2, 3 ], "texture": "#texture" },
				"east": { "uv": [ 1.5, 2, 2, 3 ], "texture": "#texture" }
			}
		},
		{
			"__comment": "innerdark",
			"from": [ 2, 15, 14.5 ],
			"to": [ 3, 19, 16 ],
			"faces": {
				"down": { "uv": [ 1.5, 2, 2, 3 ], "texture": "#texture", "rotation": 180 },
				"up": { "uv": [ 1.5, 2, 2, 3 ], "texture": "#texture", "rotation": 180 },
				"north": { "uv": [ 1.5, 2, 2, 3 ], "texture": "#texture" },
				"south": { "uv": [ 1.5, 2, 2, 3 ], "texture": "#texture" },
				"west": { "uv": [ 1.5, 2, 2, 3 ], "texture": "#texture" },
				"east": { "uv": [ 1.5, 2, 2, 3 ], "texture": "#texture" }
			}
		},
		{
			"__comment": "innerdark",
			"from": [ 6.5, 15, 14.5 ],
			"to": [ 8, 19, 16 ],
			"faces": {
				"down": { "uv": [ 1.5, 2, 2, 3 ], "texture": "#texture", "rotation": 180 },
				"up": { "uv": [ 1.5, 2, 2, 3 ], "texture": "#texture", "rotation": 180 },
				"north": { "uv": [ 1.5, 2, 2, 3 ], "texture": "#texture" },
				"south": { "uv": [ 1.5, 2, 2, 3 ], "texture": "#texture" },
				"west": { "uv": [ 1.5, 2, 2, 3 ], "texture": "#texture" },
				"east": { "uv": [ 1.5, 2, 2, 3 ], "texture": "#texture" }
			}
		},
		{
			"__comment": "innerdark",
			"from": [ 11.5, 15, 14.5 ],
			"to": [ 12.5, 19, 16 ],
			"faces": {
				"down": { "uv": [ 1.5, 2, 2, 3 ], "texture": "#texture", "rotation": 180 },
				"up": { "uv": [ 1.5, 2, 2, 3 ], "texture": "#texture", "rotation": 180 },
				"north": { "uv": [ 1.5, 2, 2, 3 ], "texture": "#texture" },
				"south": { "uv": [ 1.5, 2, 2, 3 ], "texture": "#texture" },
				"west": { "uv": [ 1.5, 2, 2, 3 ], "texture": "#texture" },
				"east": { "uv": [ 1.5, 2, 2, 3 ], "texture": "#texture" }
			}
		},
		{
			"__comment": "innerdark",
			"from": [ 16.5, 15, 14.5 ],
			"to": [ 17.5, 19, 16 ],
			"faces": {
				"down": { "uv": [ 1.5, 2, 2, 3 ], "texture": "#texture", "rotation": 180 },
				"up": { "uv": [ 1.5, 2, 2, 3 ], "texture": "#texture", "rotation": 180 },
				"north": { "uv": [ 1.5, 2, 2, 3 ], "texture": "#texture" },
				"south": { "uv": [ 1.5, 2, 2, 3 ], "texture": "#texture" },
				"west": { "uv": [ 1.5, 2, 2, 3 ], "texture": "#texture" },
				"east": { "uv": [ 1.5, 2, 2, 3 ], "texture": "#texture" }
			}
		},
		{
			"__comment": "innerdark",
			"from": [ 21, 15, 14.5 ],
			"to": [ 22.5, 19, 16 ],
			"faces": {
				"down": { "uv": [ 1.5, 2, 2, 3 ], "texture": "#texture", "rotation": 180 },
				"up": { "uv": [ 1.5, 2, 2, 3 ], "texture": "#texture", "rotation": 180 },
				"north": { "uv": [ 1.5, 2, 2, 3 ], "texture": "#texture" },
				"south": { "uv": [ 1.5, 2, 2, 3 ], "texture": "#texture" },
				"west": { "uv": [ 1.5, 2, 2, 3 ], "texture": "#texture" },
				"east": { "uv": [ 1.5, 2, 2, 3 ], "texture": "#texture" }
			}
		},
		{
			"__comment": "innerdark",
			"from": [ 22.5, 15, 14.5 ],
			"to": [ 23.5, 18, 16 ],
			"faces": {
				"down": { "uv": [ 1.5, 2, 2, 3 ], "texture": "#texture", "rotation": 180 },
				"up": { "uv": [ 1.5, 2, 2, 3 ], "texture": "#texture", "rotation": 180 },
				"north": { "uv": [ 1.5, 2, 2, 3 ], "texture": "#texture" },
				"south": { "uv": [ 1.5, 2, 2, 3 ], "texture": "#texture" },
				"west": { "uv": [ 1.5, 2, 2, 3 ], "texture": "#texture" },
				"east": { "uv": [ 1.5, 2, 2, 3 ], "texture": "#texture" }
			}
		},
		{
			"__comment": "innerdark",
			"from": [ 17.5, 18, 14.5 ],
			"to": [ 20, 19, 16 ],
			"faces": {
				"down": { "uv": [ 1.5, 2, 2, 3 ], "texture": "#texture", "rotation": 180 },
				"up": { "uv": [ 1.5, 2, 2, 3 ], "texture": "#texture", "rotation": 180 },
				"north": { "uv": [ 1.5, 2, 2, 3 ], "texture": "#texture" },
				"south": { "uv": [ 1.5, 2, 2, 3 ], "texture": "#texture" },
				"west": { "uv": [ 1.5, 2, 2, 3 ], "texture": "#texture" },
				"east": { "uv": [ 1.5, 2, 2, 3 ], "texture": "#texture" }
			}
		},
		{
			"__comment": "innerdark",
			"from": [ 17.5, 15, 14.5 ],
			"to": [ 18.5, 16, 16 ],
			"faces": {
				"down": { "uv": [ 1.5, 2, 2, 3 ], "texture": "#texture", "rotation": 180 },
				"up": { "uv": [ 1.5, 2, 2, 3 ], "texture": "#texture", "rotation": 180 },
				"north": { "uv": [ 1.5, 2, 2, 3 ], "texture": "#texture" },
				"south": { "uv": [ 1.5, 2, 2, 3 ], "texture": "#texture" },
				"west": { "uv": [ 1.5, 2, 2, 3 ], "texture": "#texture" },
				"east": { "uv": [ 1.5, 2, 2, 3 ], "texture": "#texture" }
			}
		},
		{
			"__comment": "innerdark",
			"from": [ 15, 18, 14.5 ],
			"to": [ 16.5, 19, 16 ],
			"faces": {
				"down": { "uv": [ 1.5, 2, 2, 3 ], "texture": "#texture", "rotation": 180 },
				"up": { "uv": [ 1.5, 2, 2, 3 ], "texture": "#texture", "rotation": 180 },
				"north": { "uv": [ 1.5, 2, 2, 3 ], "texture": "#texture" },
				"south": { "uv": [ 1.5, 2, 2, 3 ], "texture": "#texture" },
				"west": { "uv": [ 1.5, 2, 2, 3 ], "texture": "#texture" },
				"east": { "uv": [ 1.5, 2, 2, 3 ], "texture": "#texture" }
			}
		},
		{
			"__comment": "innerdark",
			"from": [ 10.5, 18, 14.5 ],
			"to": [ 11.5, 19, 16 ],
			"faces": {
				"down": { "uv": [ 1.5, 2, 2, 3 ], "texture": "#texture", "rotation": 180 },
				"up": { "uv": [ 1.5, 2, 2, 3 ], "texture": "#texture", "rotation": 180 },
				"north": { "uv": [ 1.5, 2, 2, 3 ], "texture": "#texture" },
				"south": { "uv": [ 1.5, 2, 2, 3 ], "texture": "#texture" },
				"west": { "uv": [ 1.5, 2, 2, 3 ], "texture": "#texture" },
				"east": { "uv": [ 1.5, 2, 2, 3 ], "texture": "#texture" }
			}
		},
		{
			"__comment": "innerdark",
			"from": [ 10.5, 15, 14.5 ],
			"to": [ 11.5, 16, 16 ],
			"faces": {
				"down": { "uv": [ 1.5, 2, 2, 3 ], "texture": "#texture", "rotation": 180 },
				"up": { "uv": [ 1.5, 2, 2, 3 ], "texture": "#texture", "rotation": 180 },
				"north": { "uv": [ 1.5, 2, 2, 3 ], "texture": "#texture" },
				"south": { "uv": [ 1.5, 2, 2, 3 ], "texture": "#texture" },
				"west": { "uv": [ 1.5, 2, 2, 3 ], "texture": "#texture" },
				"east": { "uv": [ 1.5, 2, 2, 3 ], "texture": "#texture" }
			}
		},
		{
			"__comment": "innerdark",
			"from": [ 3, 16.5, 14.5 ],
			"to": [ 4, 19, 16 ],
			"faces": {
				"down": { "uv": [ 1.5, 2, 2, 3 ], "texture": "#texture", "rotation": 180 },
				"up": { "uv": [ 1.5, 2, 2, 3 ], "texture": "#texture", "rotation": 180 },
				"north": { "uv": [ 1.5, 2, 2, 3 ], "texture": "#texture" },
				"south": { "uv": [ 1.5, 2, 2, 3 ], "texture": "#texture" },
				"west": { "uv": [ 1.5, 2, 2, 3 ], "texture": "#texture" },
				"east": { "uv": [ 1.5, 2, 2, 3 ], "texture": "#texture" }
			}
		},
		{
			"__comment": "innerdark",
			"from": [ 1, 15, 14.5 ],
			"to": [ 2, 16, 16 ],
			"faces": {
				"down": { "uv": [ 1.5, 2, 2, 3 ], "texture": "#texture", "rotation": 180 },
				"up": { "uv": [ 1.5, 2, 2, 3 ], "texture": "#texture", "rotation": 180 },
				"north": { "uv": [ 1.5, 2, 2, 3 ], "texture": "#texture" },
				"south": { "uv": [ 1.5, 2, 2, 3 ], "texture": "#texture" },
				"west": { "uv": [ 1.5, 2, 2, 3 ], "texture": "#texture" },
				"east": { "uv": [ 1.5, 2, 2, 3 ], "texture": "#texture" }
			}
		},
		{
			"__comment": "innerdark",
			"from": [ -1.5, 18, 14.5 ],
			"to": [ 1, 19, 16 ],
			"faces": {
				"down": { "uv": [ 1.5, 2, 2, 3 ], "texture": "#texture", "rotation": 180 },
				"up": { "uv": [ 1.5, 2, 2, 3 ], "texture": "#texture", "rotation": 180 },
				"north": { "uv": [ 1.5, 2, 2, 3 ], "texture": "#texture" },
				"south": { "uv": [ 1.5, 2, 2, 3 ], "texture": "#texture" },
				"west": { "uv": [ 1.5, 2, 2, 3 ], "texture": "#texture" },
				"east": { "uv": [ 1.5, 2, 2, 3 ], "texture": "#texture" }
			}
		},
		{
			"__comment": "innerdark",
			"from": [ -4, 16.5, 14.5 ],
			"to": [ -3, 19, 16 ],
			"faces": {
				"down": { "uv": [ 1.5, 2, 2, 3 ], "texture": "#texture", "rotation": 180 },
				"up": { "uv": [ 1.5, 2, 2, 3 ], "texture": "#texture", "rotation": 180 },
				"north": { "uv": [ 1.5, 2, 2, 3 ], "texture": "#texture" },
				"south": { "uv": [ 1.5, 2, 2, 3 ], "texture": "#texture" },
				"west": { "uv": [ 1.5, 2, 2, 3 ], "texture": "#texture" },
				"east": { "uv": [ 1.5, 2, 2, 3 ], "texture": "#texture" }
			}
		},
		{
			"__comment": "innerdark",
			"from": [ -9, 18, 14.5 ],
			"to": [ -7.5, 19, 16 ],
			"faces": {
				"down": { "uv": [ 1.5, 2, 2, 3 ], "texture": "#texture", "rotation": 180 },
				"up": { "uv": [ 1.5, 2, 2, 3 ], "texture": "#texture", "rotation": 180 },
				"north": { "uv": [ 1.5, 2, 2, 3 ], "texture": "#texture" },
				"south": { "uv": [ 1.5, 2, 2, 3 ], "texture": "#texture" },
				"west": { "uv": [ 1.5, 2, 2, 3 ], "texture": "#texture" },
				"east": { "uv": [ 1.5, 2, 2, 3 ], "texture": "#texture" }
			}
		},
		{
			"__comment": "innerdark",
			"from": [ 20, 10, 14.5 ],
			"to": [ 21, 14, 16 ],
			"faces": {
				"down": { "uv": [ 1.5, 2, 2, 3 ], "texture": "#texture", "rotation": 180 },
				"up": { "uv": [ 1.5, 2, 2, 3 ], "texture": "#texture", "rotation": 180 },
				"north": { "uv": [ 1.5, 2, 2, 3 ], "texture": "#texture" },
				"south": { "uv": [ 1.5, 2, 2, 3 ], "texture": "#texture" },
				"west": { "uv": [ 1.5, 2, 2, 3 ], "texture": "#texture" },
				"east": { "uv": [ 1.5, 2, 2, 3 ], "texture": "#texture" }
			}
		},
		{
			"__comment": "innerdark",
			"from": [ 9, 10, 14.5 ],
			"to": [ 10.5, 14, 16 ],
			"faces": {
				"down": { "uv": [ 1.5, 2, 2, 3 ], "texture": "#texture", "rotation": 180 },
				"up": { "uv": [ 1.5, 2, 2, 3 ], "texture": "#texture", "rotation": 180 },
				"north": { "uv": [ 1.5, 2, 2, 3 ], "texture": "#texture" },
				"south": { "uv": [ 1.5, 2, 2, 3 ], "texture": "#texture" },
				"west": { "uv": [ 1.5, 2, 2, 3 ], "texture": "#texture" },
				"east": { "uv": [ 1.5, 2, 2, 3 ], "texture": "#texture" }
			}
		},
		{
			"__comment": "innerdark",
			"from": [ 14, 10, 14.5 ],
			"to": [ 15, 14, 16 ],
			"faces": {
				"down": { "uv": [ 1.5, 2, 2, 3 ], "texture": "#texture", "rotation": 180 },
				"up": { "uv": [ 1.5, 2, 2, 3 ], "texture": "#texture", "rotation": 180 },
				"north": { "uv": [ 1.5, 2, 2, 3 ], "texture": "#texture" },
				"south": { "uv": [ 1.5, 2, 2, 3 ], "texture": "#texture" },
				"west": { "uv": [ 1.5, 2, 2, 3 ], "texture": "#texture" },
				"east": { "uv": [ 1.5, 2, 2, 3 ], "texture": "#texture" }
			}
		},
		{
			"__comment": "innerdark",
			"from": [ 5.5, 10, 14.5 ],
			"to": [ 6.5, 14, 16 ],
			"faces": {
				"down": { "uv": [ 1.5, 2, 2, 3 ], "texture": "#texture", "rotation": 180 },
				"up": { "uv": [ 1.5, 2, 2, 3 ], "texture": "#texture", "rotation": 180 },
				"north": { "uv": [ 1.5, 2, 2, 3 ], "texture": "#texture" },
				"south": { "uv": [ 1.5, 2, 2, 3 ], "texture": "#texture" },
				"west": { "uv": [ 1.5, 2, 2, 3 ], "texture": "#texture" },
				"east": { "uv": [ 1.5, 2, 2, 3 ], "texture": "#texture" }
			}
		},
		{
			"__comment": "innerdark",
			"from": [ 1, 10, 14.5 ],
			"to": [ 2, 14, 16 ],
			"faces": {
				"down": { "uv": [ 1.5, 2, 2, 3 ], "texture": "#texture", "rotation": 180 },
				"up": { "uv": [ 1.5, 2, 2, 3 ], "texture": "#texture", "rotation": 180 },
				"north": { "uv": [ 1.5, 2, 2, 3 ], "texture": "#texture" },
				"south": { "uv": [ 1.5, 2, 2, 3 ], "texture": "#texture" },
				"west": { "uv": [ 1.5, 2, 2, 3 ], "texture": "#texture" },
				"east": { "uv": [ 1.5, 2, 2, 3 ], "texture": "#texture" }
			}
		},
		{
			"__comment": "innerdark",
			"from": [ -4, 10, 14.5 ],
			"to": [ -3, 14, 16 ],
			"faces": {
				"down": { "uv": [ 1.5, 2, 2, 3 ], "texture": "#texture", "rotation": 180 },
				"up": { "uv": [ 1.5, 2, 2, 3 ], "texture": "#texture", "rotation": 180 },
				"north": { "uv": [ 1.5, 2, 2, 3 ], "texture": "#texture" },
				"south": { "uv": [ 1.5, 2, 2, 3 ], "texture": "#texture" },
				"west": { "uv": [ 1.5, 2, 2, 3 ], "texture": "#texture" },
				"east": { "uv": [ 1.5, 2, 2, 3 ], "texture": "#texture" }
			}
		},
		{
			"__comment": "innerdark",
			"from": [ 21, 13, 14.5 ],
			"to": [ 22, 14, 16 ],
			"faces": {
				"down": { "uv": [ 1.5, 2, 2, 3 ], "texture": "#texture", "rotation": 180 },
				"up": { "uv": [ 1.5, 2, 2, 3 ], "texture": "#texture", "rotation": 180 },
				"north": { "uv": [ 1.5, 2, 2, 3 ], "texture": "#texture" },
				"south": { "uv": [ 1.5, 2, 2, 3 ], "texture": "#texture" },
				"west": { "uv": [ 1.5, 2, 2, 3 ], "texture": "#texture" },
				"east": { "uv": [ 1.5, 2, 2, 3 ], "texture": "#texture" }
			}
		},
		{
			"__comment": "innerdark",
			"from": [ 18.5, 11, 14.5 ],
			"to": [ 20, 14, 16 ],
			"faces": {
				"down": { "uv": [ 1.5, 2, 2, 3 ], "texture": "#texture", "rotation": 180 },
				"up": { "uv": [ 1.5, 2, 2, 3 ], "texture": "#texture", "rotation": 180 },
				"north": { "uv": [ 1.5, 2, 2, 3 ], "texture": "#texture" },
				"south": { "uv": [ 1.5, 2, 2, 3 ], "texture": "#texture" },
				"west": { "uv": [ 1.5, 2, 2, 3 ], "texture": "#texture" },
				"east": { "uv": [ 1.5, 2, 2, 3 ], "texture": "#texture" }
			}
		},
		{
			"__comment": "innerdark",
			"from": [ 15, 10, 14.5 ],
			"to": [ 17.5, 11.5, 16 ],
			"faces": {
				"down": { "uv": [ 1.5, 2, 2, 3 ], "texture": "#texture", "rotation": 180 },
				"up": { "uv": [ 1.5, 2, 2, 3 ], "texture": "#texture", "rotation": 180 },
				"north": { "uv": [ 1.5, 2, 2, 3 ], "texture": "#texture" },
				"south": { "uv": [ 1.5, 2, 2, 3 ], "texture": "#texture" },
				"west": { "uv": [ 1.5, 2, 2, 3 ], "texture": "#texture" },
				"east": { "uv": [ 1.5, 2, 2, 3 ], "texture": "#texture" }
			}
		},
		{
			"__comment": "innerdark",
			"from": [ 10.5, 10, 14.5 ],
			"to": [ 11.5, 11.5, 16 ],
			"faces": {
				"down": { "uv": [ 1.5, 2, 2, 3 ], "texture": "#texture", "rotation": 180 },
				"up": { "uv": [ 1.5, 2, 2, 3 ], "texture": "#texture", "rotation": 180 },
				"north": { "uv": [ 1.5, 2, 2, 3 ], "texture": "#texture" },
				"south": { "uv": [ 1.5, 2, 2, 3 ], "texture": "#texture" },
				"west": { "uv": [ 1.5, 2, 2, 3 ], "texture": "#texture" },
				"east": { "uv": [ 1.5, 2, 2, 3 ], "texture": "#texture" }
			}
		},
		{
			"__comment": "innerdark",
			"from": [ 6.5, 12.5, 14.5 ],
			"to": [ 9, 14, 16 ],
			"faces": {
				"down": { "uv": [ 1.5, 2, 2, 3 ], "texture": "#texture", "rotation": 180 },
				"up": { "uv": [ 1.5, 2, 2, 3 ], "texture": "#texture", "rotation": 180 },
				"north": { "uv": [ 1.5, 2, 2, 3 ], "texture": "#texture" },
				"south": { "uv": [ 1.5, 2, 2, 3 ], "texture": "#texture" },
				"west": { "uv": [ 1.5, 2, 2, 3 ], "texture": "#texture" },
				"east": { "uv": [ 1.5, 2, 2, 3 ], "texture": "#texture" }
			}
		},
		{
			"__comment": "innerdark",
			"from": [ 4.5, 11, 14.5 ],
			"to": [ 5.5, 14, 16 ],
			"faces": {
				"down": { "uv": [ 1.5, 2, 2, 3 ], "texture": "#texture", "rotation": 180 },
				"up": { "uv": [ 1.5, 2, 2, 3 ], "texture": "#texture", "rotation": 180 },
				"north": { "uv": [ 1.5, 2, 2, 3 ], "texture": "#texture" },
				"south": { "uv": [ 1.5, 2, 2, 3 ], "texture": "#texture" },
				"west": { "uv": [ 1.5, 2, 2, 3 ], "texture": "#texture" },
				"east": { "uv": [ 1.5, 2, 2, 3 ], "texture": "#texture" }
			}
		},
		{
			"__comment": "innerdark",
			"from": [ -3, 13, 14.5 ],
			"to": [ -1.5, 14, 16 ],
			"faces": {
				"down": { "uv": [ 1.5, 2, 2, 3 ], "texture": "#texture", "rotation": 180 },
				"up": { "uv": [ 1.5, 2, 2, 3 ], "texture": "#texture", "rotation": 180 },
				"north": { "uv": [ 1.5, 2, 2, 3 ], "texture": "#texture" },
				"south": { "uv": [ 1.5, 2, 2, 3 ], "texture": "#texture" },
				"west": { "uv": [ 1.5, 2, 2, 3 ], "texture": "#texture" },
				"east": { "uv": [ 1.5, 2, 2, 3 ], "texture": "#texture" }
			}
		},
		{
			"__comment": "innerdark",
			"from": [ -5.5, 13, 14.5 ],
			"to": [ -4, 14, 16 ],
			"faces": {
				"down": { "uv": [ 1.5, 2, 2, 3 ], "texture": "#texture", "rotation": 180 },
				"up": { "uv": [ 1.5, 2, 2, 3 ], "texture": "#texture", "rotation": 180 },
				"north": { "uv": [ 1.5, 2, 2, 3 ], "texture": "#texture" },
				"south": { "uv": [ 1.5, 2, 2, 3 ], "texture": "#texture" },
				"west": { "uv": [ 1.5, 2, 2, 3 ], "texture": "#texture" },
				"east": { "uv": [ 1.5, 2, 2, 3 ], "texture": "#texture" }
			}
		},
		{
			"__comment": "innerdark",
			"from": [ -8, 13, 14.5 ],
			"to": [ -7, 14, 16 ],
			"faces": {
				"down": { "uv": [ 1.5, 2, 2, 3 ], "texture": "#texture", "rotation": 180 },
				"up": { "uv": [ 1.5, 2, 2, 3 ], "texture": "#texture", "rotation": 180 },
				"north": { "uv": [ 1.5, 2, 2, 3 ], "texture": "#texture" },
				"south": { "uv": [ 1.5, 2, 2, 3 ], "texture": "#texture" },
				"west": { "uv": [ 1.5, 2, 2, 3 ], "texture": "#texture" },
				"east": { "uv": [ 1.5, 2, 2, 3 ], "texture": "#texture" }
			}
		},
		{
			"__comment": "innerdark",
			"from": [ 22.5, 5, 14.5 ],
			"to": [ 23.5, 9, 16 ],
			"faces": {
				"down": { "uv": [ 1.5, 2, 2, 3 ], "texture": "#texture", "rotation": 180 },
				"up": { "uv": [ 1.5, 2, 2, 3 ], "texture": "#texture", "rotation": 180 },
				"north": { "uv": [ 1.5, 2, 2, 3 ], "texture": "#texture" },
				"south": { "uv": [ 1.5, 2, 2, 3 ], "texture": "#texture" },
				"west": { "uv": [ 1.5, 2, 2, 3 ], "texture": "#texture" },
				"east": { "uv": [ 1.5, 2, 2, 3 ], "texture": "#texture" }
			}
		},
		{
			"__comment": "innerdark",
			"from": [ 23.5, 7.5, 14.5 ],
			"to": [ 25, 9, 16 ],
			"faces": {
				"down": { "uv": [ 1.5, 2, 2, 3 ], "texture": "#texture", "rotation": 180 },
				"up": { "uv": [ 1.5, 2, 2, 3 ], "texture": "#texture", "rotation": 180 },
				"north": { "uv": [ 1.5, 2, 2, 3 ], "texture": "#texture" },
				"south": { "uv": [ 1.5, 2, 2, 3 ], "texture": "#texture" },
				"west": { "uv": [ 1.5, 2, 2, 3 ], "texture": "#texture" },
				"east": { "uv": [ 1.5, 2, 2, 3 ], "texture": "#texture" }
			}
		},
		{
			"__comment": "innerdark",
			"from": [ 17.5, 5, 14.5 ],
			"to": [ 18.5, 9, 16 ],
			"faces": {
				"down": { "uv": [ 1.5, 2, 2, 3 ], "texture": "#texture", "rotation": 180 },
				"up": { "uv": [ 1.5, 2, 2, 3 ], "texture": "#texture", "rotation": 180 },
				"north": { "uv": [ 1.5, 2, 2, 3 ], "texture": "#texture" },
				"south": { "uv": [ 1.5, 2, 2, 3 ], "texture": "#texture" },
				"west": { "uv": [ 1.5, 2, 2, 3 ], "texture": "#texture" },
				"east": { "uv": [ 1.5, 2, 2, 3 ], "texture": "#texture" }
			}
		},
		{
			"__comment": "innerdark",
			"from": [ 13, 5, 14.5 ],
			"to": [ 14, 9, 16 ],
			"faces": {
				"down": { "uv": [ 1.5, 2, 2, 3 ], "texture": "#texture", "rotation": 180 },
				"up": { "uv": [ 1.5, 2, 2, 3 ], "texture": "#texture", "rotation": 180 },
				"north": { "uv": [ 1.5, 2, 2, 3 ], "texture": "#texture" },
				"south": { "uv": [ 1.5, 2, 2, 3 ], "texture": "#texture" },
				"west": { "uv": [ 1.5, 2, 2, 3 ], "texture": "#texture" },
				"east": { "uv": [ 1.5, 2, 2, 3 ], "texture": "#texture" }
			}
		},
		{
			"__comment": "innerdark",
			"from": [ 8, 5, 14.5 ],
			"to": [ 9, 9, 16 ],
			"faces": {
				"down": { "uv": [ 1.5, 2, 2, 3 ], "texture": "#texture", "rotation": 180 },
				"up": { "uv": [ 1.5, 2, 2, 3 ], "texture": "#texture", "rotation": 180 },
				"north": { "uv": [ 1.5, 2, 2, 3 ], "texture": "#texture" },
				"south": { "uv": [ 1.5, 2, 2, 3 ], "texture": "#texture" },
				"west": { "uv": [ 1.5, 2, 2, 3 ], "texture": "#texture" },
				"east": { "uv": [ 1.5, 2, 2, 3 ], "texture": "#texture" }
			}
		},
		{
			"__comment": "innerdark",
			"from": [ 3.5, 5, 14.5 ],
			"to": [ 4.5, 9, 16 ],
			"faces": {
				"down": { "uv": [ 1.5, 2, 2, 3 ], "texture": "#texture", "rotation": 180 },
				"up": { "uv": [ 1.5, 2, 2, 3 ], "texture": "#texture", "rotation": 180 },
				"north": { "uv": [ 1.5, 2, 2, 3 ], "texture": "#texture" },
				"south": { "uv": [ 1.5, 2, 2, 3 ], "texture": "#texture" },
				"west": { "uv": [ 1.5, 2, 2, 3 ], "texture": "#texture" },
				"east": { "uv": [ 1.5, 2, 2, 3 ], "texture": "#texture" }
			}
		},
		{
			"__comment": "innerdark",
			"from": [ -1.5, 5, 14.5 ],
			"to": [ -0.5, 9, 16 ],
			"faces": {
				"down": { "uv": [ 1.5, 2, 2, 3 ], "texture": "#texture", "rotation": 180 },
				"up": { "uv": [ 1.5, 2, 2, 3 ], "texture": "#texture", "rotation": 180 },
				"north": { "uv": [ 1.5, 2, 2, 3 ], "texture": "#texture" },
				"south": { "uv": [ 1.5, 2, 2, 3 ], "texture": "#texture" },
				"west": { "uv": [ 1.5, 2, 2, 3 ], "texture": "#texture" },
				"east": { "uv": [ 1.5, 2, 2, 3 ], "texture": "#texture" }
			}
		},
		{
			"__comment": "innerdark",
			"from": [ -5.5, 5, 14.5 ],
			"to": [ -4, 9, 16 ],
			"faces": {
				"down": { "uv": [ 1.5, 2, 2, 3 ], "texture": "#texture", "rotation": 180 },
				"up": { "uv": [ 1.5, 2, 2, 3 ], "texture": "#texture", "rotation": 180 },
				"north": { "uv": [ 1.5, 2, 2, 3 ], "texture": "#texture" },
				"south": { "uv": [ 1.5, 2, 2, 3 ], "texture": "#texture" },
				"west": { "uv": [ 1.5, 2, 2, 3 ], "texture": "#texture" },
				"east": { "uv": [ 1.5, 2, 2, 3 ], "texture": "#texture" }
			}
		},
		{
			"__comment": "innerdark",
			"from": [ -11.5, 5, 14.5 ],
			"to": [ -10, 9, 16 ],
			"faces": {
				"down": { "uv": [ 1.5, 2, 2, 3 ], "texture": "#texture", "rotation": 180 },
				"up": { "uv": [ 1.5, 2, 2, 3 ], "texture": "#texture", "rotation": 180 },
				"north": { "uv": [ 1.5, 2, 2, 3 ], "texture": "#texture" },
				"south": { "uv": [ 1.5, 2, 2, 3 ], "texture": "#texture" },
				"west": { "uv": [ 1.5, 2, 2, 3 ], "texture": "#texture" },
				"east": { "uv": [ 1.5, 2, 2, 3 ], "texture": "#texture" }
			}
		},
		{
			"__comment": "innerdark",
			"from": [ 18.5, 8, 14.5 ],
			"to": [ 20, 9, 16 ],
			"faces": {
				"down": { "uv": [ 1.5, 2, 2, 3 ], "texture": "#texture", "rotation": 180 },
				"up": { "uv": [ 1.5, 2, 2, 3 ], "texture": "#texture", "rotation": 180 },
				"north": { "uv": [ 1.5, 2, 2, 3 ], "texture": "#texture" },
				"south": { "uv": [ 1.5, 2, 2, 3 ], "texture": "#texture" },
				"west": { "uv": [ 1.5, 2, 2, 3 ], "texture": "#texture" },
				"east": { "uv": [ 1.5, 2, 2, 3 ], "texture": "#texture" }
			}
		},
		{
			"__comment": "innerdark",
			"from": [ 14, 5, 14.5 ],
			"to": [ 15, 6, 16 ],
			"faces": {
				"down": { "uv": [ 1.5, 2, 2, 3 ], "texture": "#texture", "rotation": 180 },
				"up": { "uv": [ 1.5, 2, 2, 3 ], "texture": "#texture", "rotation": 180 },
				"north": { "uv": [ 1.5, 2, 2, 3 ], "texture": "#texture" },
				"south": { "uv": [ 1.5, 2, 2, 3 ], "texture": "#texture" },
				"west": { "uv": [ 1.5, 2, 2, 3 ], "texture": "#texture" },
				"east": { "uv": [ 1.5, 2, 2, 3 ], "texture": "#texture" }
			}
		},
		{
			"__comment": "innerdark",
			"from": [ 10.5, 5, 14.5 ],
			"to": [ 11.5, 6.5, 16 ],
			"faces": {
				"down": { "uv": [ 1.5, 2, 2, 3 ], "texture": "#texture", "rotation": 180 },
				"up": { "uv": [ 1.5, 2, 2, 3 ], "texture": "#texture", "rotation": 180 },
				"north": { "uv": [ 1.5, 2, 2, 3 ], "texture": "#texture" },
				"south": { "uv": [ 1.5, 2, 2, 3 ], "texture": "#texture" },
				"west": { "uv": [ 1.5, 2, 2, 3 ], "texture": "#texture" },
				"east": { "uv": [ 1.5, 2, 2, 3 ], "texture": "#texture" }
			}
		},
		{
			"__comment": "innerdark",
			"from": [ 4.5, 8, 14.5 ],
			"to": [ 6.5, 9, 16 ],
			"faces": {
				"down": { "uv": [ 1.5, 2, 2, 3 ], "texture": "#texture", "rotation": 180 },
				"up": { "uv": [ 1.5, 2, 2, 3 ], "texture": "#texture", "rotation": 180 },
				"north": { "uv": [ 1.5, 2, 2, 3 ], "texture": "#texture" },
				"south": { "uv": [ 1.5, 2, 2, 3 ], "texture": "#texture" },
				"west": { "uv": [ 1.5, 2, 2, 3 ], "texture": "#texture" },
				"east": { "uv": [ 1.5, 2, 2, 3 ], "texture": "#texture" }
			}
		},
		{
			"__comment": "innerdark",
			"from": [ -0.5, 8, 14.5 ],
			"to": [ 1, 9, 16 ],
			"faces": {
				"down": { "uv": [ 1.5, 2, 2, 3 ], "texture": "#texture", "rotation": 180 },
				"up": { "uv": [ 1.5, 2, 2, 3 ], "texture": "#texture", "rotation": 180 },
				"north": { "uv": [ 1.5, 2, 2, 3 ], "texture": "#texture" },
				"south": { "uv": [ 1.5, 2, 2, 3 ], "texture": "#texture" },
				"west": { "uv": [ 1.5, 2, 2, 3 ], "texture": "#texture" },
				"east": { "uv": [ 1.5, 2, 2, 3 ], "texture": "#texture" }
			}
		},
		{
			"__comment": "innerdark",
			"from": [ -0.5, 5, 14.5 ],
			"to": [ 2.5, 6.5, 16 ],
			"faces": {
				"down": { "uv": [ 1.5, 2, 2, 3 ], "texture": "#texture", "rotation": 180 },
				"up": { "uv": [ 1.5, 2, 2, 3 ], "texture": "#texture", "rotation": 180 },
				"north": { "uv": [ 1.5, 2, 2, 3 ], "texture": "#texture" },
				"south": { "uv": [ 1.5, 2, 2, 3 ], "texture": "#texture" },
				"west": { "uv": [ 1.5, 2, 2, 3 ], "texture": "#texture" },
				"east": { "uv": [ 1.5, 2, 2, 3 ], "texture": "#texture" }
			}
		},
		{
			"__comment": "innerdark",
			"from": [ -7, 7.5, 14.5 ],
			"to": [ -5.5, 9, 16 ],
			"faces": {
				"down": { "uv": [ 1.5, 2, 2, 3 ], "texture": "#texture", "rotation": 180 },
				"up": { "uv": [ 1.5, 2, 2, 3 ], "texture": "#texture", "rotation": 180 },
				"north": { "uv": [ 1.5, 2, 2, 3 ], "texture": "#texture" },
				"south": { "uv": [ 1.5, 2, 2, 3 ], "texture": "#texture" },
				"west": { "uv": [ 1.5, 2, 2, 3 ], "texture": "#texture" },
				"east": { "uv": [ 1.5, 2, 2, 3 ], "texture": "#texture" }
			}
		},
		{
			"__comment": "innerdark",
			"from": [ -10, 5, 14.5 ],
			"to": [ -9, 8, 16 ],
			"faces": {
				"down": { "uv": [ 1.5, 2, 2, 3 ], "texture": "#texture", "rotation": 180 },
				"up": { "uv": [ 1.5, 2, 2, 3 ], "texture": "#texture", "rotation": 180 },
				"north": { "uv": [ 1.5, 2, 2, 3 ], "texture": "#texture" },
				"south": { "uv": [ 1.5, 2, 2, 3 ], "texture": "#texture" },
				"west": { "uv": [ 1.5, 2, 2, 3 ], "texture": "#texture" },
				"east": { "uv": [ 1.5, 2, 2, 3 ], "texture": "#texture" }
			}
		},
		{
			"__comment": "text",
			"from": [ 2, 2.5, 16 ],
			"to": [ 30.5, 24, 16.5 ],
			"faces": {
				"down": { "uv": [ 2.5, 8, 3, 9 ], "texture": "#texture", "rotation": 180 },
				"up": { "uv": [ 2.5, 8, 3, 9 ], "texture": "#texture", "rotation": 180 },
				"north": { "uv": [ 2.5, 8, 3, 9 ], "texture": "#texture" },
				"south": { "uv": [ 2.5, 8, 3, 9 ], "texture": "#texture" },
				"west": { "uv": [ 2.5, 8, 3, 9 ], "texture": "#texture" },
				"east": { "uv": [ 2.5, 8, 3, 9 ], "texture": "#texture" }
			}
		},
		{
			"__comment": "text",
			"from": [ -15, 1, 16 ],
			"to": [ 2, 23, 16.5 ],
			"faces": {
				"down": { "uv": [ 2.5, 8, 3, 9 ], "texture": "#texture", "rotation": 180 },
				"up": { "uv": [ 2.5, 8, 3, 9 ], "texture": "#texture", "rotation": 180 },
				"north": { "uv": [ 2.5, 8, 3, 9 ], "texture": "#texture" },
				"south": { "uv": [ 2.5, 8, 3, 9 ], "texture": "#texture" },
				"west": { "uv": [ 2.5, 8, 3, 9 ], "texture": "#texture" },
				"east": { "uv": [ 2.5, 8, 3, 9 ], "texture": "#texture" }
			}
		},
		{
			"__comment": "text",
			"from": [ 2, 1, 16 ],
			"to": [ 11.5, 2.5, 16.5 ],
			"faces": {
				"down": { "uv": [ 2.5, 8, 3, 9 ], "texture": "#texture", "rotation": 180 },
				"up": { "uv": [ 2.5, 8, 3, 9 ], "texture": "#texture", "rotation": 180 },
				"north": { "uv": [ 2.5, 8, 3, 9 ], "texture": "#texture" },
				"south": { "uv": [ 2.5, 8, 3, 9 ], "texture": "#texture" },
				"west": { "uv": [ 2.5, 8, 3, 9 ], "texture": "#texture" },
				"east": { "uv": [ 2.5, 8, 3, 9 ], "texture": "#texture" }
			}
		}
	],
	"display": {
		"thirdperson_righthand": {
			"rotation":  [ 75, 45, 0 ],
			"translation":  [ 0, 5, 0 ],
			"scale":  [ 0.375, 0.375, 0.375 ]
		},
		"thirdperson_lefthand": {
			"rotation":  [ 75, 45, 0 ],
			"translation":  [ 0, 5, 0 ],
			"scale":  [ 0.375, 0.375, 0.375 ]
		},
		"firstperson_righthand": {
			"rotation":  [ 0, 140, 0 ],
			"scale":  [ 0.4, 0.4, 0.4 ]
		},
		"firstperson_lefthand": {
			"rotation":  [ 0, 140, 0 ],
			"scale":  [ 0.4, 0.4, 0.4 ]
		},
		"gui": {
			"rotation":  [ 30, 225, 0 ],
			"translation":  [ 2.2, -2.5, 5 ],
			"scale":  [ 0.425, 0.425, 0.425 ]
		},
		"head": {
			"translation":  [ 0, 0, -34 ],
			"scale":  [ 2.5, 2.5, 2.5 ]
		},
		"ground": {
			"translation":  [ 0, 3, 0 ],
			"scale":  [ 0.25, 0.25, 0.25 ]
		},
		"fixed": {
			"translation":  [ 0, -4.5, -9 ]
		}
	}
}