{
	"__comment": "by GodRicl",
	"textures": {
		"particle": "block/stripped_oak_log",
		"texture": "block/black_concrete"
	},
	"elements": [ 	 
		{
			"__comment": "Black",
			"from": [ 4, 14, 0 ],
			"to": [ 12, 16, 1 ],
			"faces": {
				"down": { "uv": [ 12, 1.5, 4, 0 ], "texture": "#texture" },
				"up": { "uv": [ 4, 0, 12, 1.5 ], "texture": "#texture" },
				"north": { "uv": [ 12, 15, 4, 14 ], "texture": "#texture" },
				"south": { "uv": [ 4, 1, 12, 2 ], "texture": "#texture" },
				"west": { "uv": [ 14, 0, 15, 1.5 ], "texture": "#texture", "rotation": 270 },
				"east": { "uv": [ 1, 0, 2, 1.5 ], "texture": "#texture", "rotation": 90 }
			}
		},
		{
			"__comment": "Black",
			"from": [ 4, 14, 15 ],
			"to": [ 12, 16, 16 ],
			"faces": {
				"down": { "uv": [ 12, 16, 4, 14.5 ], "texture": "#texture" },
				"up": { "uv": [ 4, 14.5, 12, 16 ], "texture": "#texture" },
				"north": { "uv": [ 12, 15, 4, 14 ], "texture": "#texture" },
				"south": { "uv": [ 4, 1, 12, 2 ], "texture": "#texture" },
				"west": { "uv": [ 14, 14.5, 15, 16 ], "texture": "#texture", "rotation": 270 },
				"east": { "uv": [ 1, 14.5, 2, 16 ], "texture": "#texture", "rotation": 90 }
			}
		},
		{
			"__comment": "Black",
			"from": [ 0, 14, 4 ],
			"to": [ 1, 16, 12 ],
			"faces": {
				"down": { "uv": [ 16, 12, 14.5, 4 ], "texture": "#texture" },
				"up": { "uv": [ 0, 4, 1.5, 12 ], "texture": "#texture" },
				"north": { "uv": [ 1.5, 15, 0, 14 ], "texture": "#texture" },
				"south": { "uv": [ 0, 1, 1.5, 2 ], "texture": "#texture" },
				"west": { "uv": [ 14, 4, 15, 12 ], "texture": "#texture", "rotation": 270 },
				"east": { "uv": [ 1, 4, 2, 12 ], "texture": "#texture", "rotation": 90 }
			}
		},
		{
			"__comment": "Black",
			"from": [ 15, 14, 4 ],
			"to": [ 16, 16, 12 ],
			"faces": {
				"down": { "uv": [ 1.5, 12, 0, 4 ], "texture": "#texture" },
				"up": { "uv": [ 14.5, 4, 16, 12 ], "texture": "#texture" },
				"north": { "uv": [ 16, 15, 14.5, 14 ], "texture": "#texture" },
				"south": { "uv": [ 14.5, 1, 16, 2 ], "texture": "#texture" },
				"west": { "uv": [ 14, 4, 15, 12 ], "texture": "#texture", "rotation": 270 },
				"east": { "uv": [ 1, 4, 2, 12 ], "texture": "#texture", "rotation": 90 }
			}
		},
		{
			"__comment": "Black",
			"from": [ 3, 14, 14 ],
			"to": [ 4, 16, 15 ],
			"faces": {
				"down": { "uv": [ 12, 16, 4, 14.5 ], "texture": "#texture" },
				"up": { "uv": [ 4, 14.5, 12, 16 ], "texture": "#texture" },
				"north": { "uv": [ 12, 15, 4, 14 ], "texture": "#texture" },
				"south": { "uv": [ 4, 1, 12, 2 ], "texture": "#texture" },
				"west": { "uv": [ 14, 14.5, 15, 16 ], "texture": "#texture", "rotation": 270 },
				"east": { "uv": [ 1, 14.5, 2, 16 ], "texture": "#texture", "rotation": 90 }
			}
		},
		{
			"__comment": "Black",
			"from": [ 1, 14, 12 ],
			"to": [ 2, 16, 13 ],
			"faces": {
				"down": { "uv": [ 12, 16, 4, 14.5 ], "texture": "#texture" },
				"up": { "uv": [ 4, 14.5, 12, 16 ], "texture": "#texture" },
				"north": { "uv": [ 12, 15, 4, 14 ], "texture": "#texture" },
				"south": { "uv": [ 4, 1, 12, 2 ], "texture": "#texture" },
				"west": { "uv": [ 14, 14.5, 15, 16 ], "texture": "#texture", "rotation": 270 },
				"east": { "uv": [ 1, 14.5, 2, 16 ], "texture": "#texture", "rotation": 90 }
			}
		},
		{
			"__comment": "Black",
			"from": [ 2, 14, 13 ],
			"to": [ 3, 16, 14 ],
			"faces": {
				"down": { "uv": [ 12, 16, 4, 14.5 ], "texture": "#texture" },
				"up": { "uv": [ 4, 14.5, 12, 16 ], "texture": "#texture" },
				"north": { "uv": [ 12, 15, 4, 14 ], "texture": "#texture" },
				"south": { "uv": [ 4, 1, 12, 2 ], "texture": "#texture" },
				"west": { "uv": [ 14, 14.5, 15, 16 ], "texture": "#texture", "rotation": 270 },
				"east": { "uv": [ 1, 14.5, 2, 16 ], "texture": "#texture", "rotation": 90 }
			}
		},
		{
			"__comment": "Black",
			"from": [ 12, 14, 14 ],
			"to": [ 13, 16, 15 ],
			"faces": {
				"down": { "uv": [ 12, 16, 4, 14.5 ], "texture": "#texture" },
				"up": { "uv": [ 4, 14.5, 12, 16 ], "texture": "#texture" },
				"north": { "uv": [ 12, 15, 4, 14 ], "texture": "#texture" },
				"south": { "uv": [ 4, 1, 12, 2 ], "texture": "#texture" },
				"west": { "uv": [ 14, 14.5, 15, 16 ], "texture": "#texture", "rotation": 270 },
				"east": { "uv": [ 1, 14.5, 2, 16 ], "texture": "#texture", "rotation": 90 }
			}
		},
		{
			"__comment": "Black",
			"from": [ 13, 14, 13 ],
			"to": [ 14, 16, 14 ],
			"faces": {
				"down": { "uv": [ 12, 16, 4, 14.5 ], "texture": "#texture" },
				"up": { "uv": [ 4, 14.5, 12, 16 ], "texture": "#texture" },
				"north": { "uv": [ 12, 15, 4, 14 ], "texture": "#texture" },
				"south": { "uv": [ 4, 1, 12, 2 ], "texture": "#texture" },
				"west": { "uv": [ 14, 14.5, 15, 16 ], "texture": "#texture", "rotation": 270 },
				"east": { "uv": [ 1, 14.5, 2, 16 ], "texture": "#texture", "rotation": 90 }
			}
		},
		{
			"__comment": "Black",
			"from": [ 14, 14, 12 ],
			"to": [ 15, 16, 13 ],
			"faces": {
				"down": { "uv": [ 12, 16, 4, 14.5 ], "texture": "#texture" },
				"up": { "uv": [ 4, 14.5, 12, 16 ], "texture": "#texture" },
				"north": { "uv": [ 12, 15, 4, 14 ], "texture": "#texture" },
				"south": { "uv": [ 4, 1, 12, 2 ], "texture": "#texture" },
				"west": { "uv": [ 14, 14.5, 15, 16 ], "texture": "#texture", "rotation": 270 },
				"east": { "uv": [ 1, 14.5, 2, 16 ], "texture": "#texture", "rotation": 90 }
			}
		},
		{
			"__comment": "Black",
			"from": [ 14, 14, 3 ],
			"to": [ 15, 16, 4 ],
			"faces": {
				"down": { "uv": [ 12, 16, 4, 14.5 ], "texture": "#texture" },
				"up": { "uv": [ 4, 14.5, 12, 16 ], "texture": "#texture" },
				"north": { "uv": [ 12, 15, 4, 14 ], "texture": "#texture" },
				"south": { "uv": [ 4, 1, 12, 2 ], "texture": "#texture" },
				"west": { "uv": [ 14, 14.5, 15, 16 ], "texture": "#texture", "rotation": 270 },
				"east": { "uv": [ 1, 14.5, 2, 16 ], "texture": "#texture", "rotation": 90 }
			}
		},
		{
			"__comment": "Black",
			"from": [ 12, 14, 1 ],
			"to": [ 13, 16, 2 ],
			"faces": {
				"down": { "uv": [ 12, 16, 4, 14.5 ], "texture": "#texture" },
				"up": { "uv": [ 4, 14.5, 12, 16 ], "texture": "#texture" },
				"north": { "uv": [ 12, 15, 4, 14 ], "texture": "#texture" },
				"south": { "uv": [ 4, 1, 12, 2 ], "texture": "#texture" },
				"west": { "uv": [ 14, 14.5, 15, 16 ], "texture": "#texture", "rotation": 270 },
				"east": { "uv": [ 1, 14.5, 2, 16 ], "texture": "#texture", "rotation": 90 }
			}
		},
		{
			"__comment": "Black",
			"from": [ 13, 14, 2 ],
			"to": [ 14, 16, 3 ],
			"faces": {
				"down": { "uv": [ 12, 16, 4, 14.5 ], "texture": "#texture" },
				"up": { "uv": [ 4, 14.5, 12, 16 ], "texture": "#texture" },
				"north": { "uv": [ 12, 15, 4, 14 ], "texture": "#texture" },
				"south": { "uv": [ 4, 1, 12, 2 ], "texture": "#texture" },
				"west": { "uv": [ 14, 14.5, 15, 16 ], "texture": "#texture", "rotation": 270 },
				"east": { "uv": [ 1, 14.5, 2, 16 ], "texture": "#texture", "rotation": 90 }
			}
		},
		{
			"__comment": "Black",
			"from": [ 3, 14, 1 ],
			"to": [ 4, 16, 2 ],
			"faces": {
				"down": { "uv": [ 12, 16, 4, 14.5 ], "texture": "#texture" },
				"up": { "uv": [ 4, 14.5, 12, 16 ], "texture": "#texture" },
				"north": { "uv": [ 12, 15, 4, 14 ], "texture": "#texture" },
				"south": { "uv": [ 4, 1, 12, 2 ], "texture": "#texture" },
				"west": { "uv": [ 14, 14.5, 15, 16 ], "texture": "#texture", "rotation": 270 },
				"east": { "uv": [ 1, 14.5, 2, 16 ], "texture": "#texture", "rotation": 90 }
			}
		},
		{
			"__comment": "Black",
			"from": [ 1, 14, 3 ],
			"to": [ 2, 16, 4 ],
			"faces": {
				"down": { "uv": [ 12, 16, 4, 14.5 ], "texture": "#texture" },
				"up": { "uv": [ 4, 14.5, 12, 16 ], "texture": "#texture" },
				"north": { "uv": [ 12, 15, 4, 14 ], "texture": "#texture" },
				"south": { "uv": [ 4, 1, 12, 2 ], "texture": "#texture" },
				"west": { "uv": [ 14, 14.5, 15, 16 ], "texture": "#texture", "rotation": 270 },
				"east": { "uv": [ 1, 14.5, 2, 16 ], "texture": "#texture", "rotation": 90 }
			}
		},
		{
			"__comment": "Black",
			"from": [ 2, 14, 2 ],
			"to": [ 3, 16, 3 ],
			"faces": {
				"down": { "uv": [ 12, 16, 4, 14.5 ], "texture": "#texture" },
				"up": { "uv": [ 4, 14.5, 12, 16 ], "texture": "#texture" },
				"north": { "uv": [ 12, 15, 4, 14 ], "texture": "#texture" },
				"south": { "uv": [ 4, 1, 12, 2 ], "texture": "#texture" },
				"west": { "uv": [ 14, 14.5, 15, 16 ], "texture": "#texture", "rotation": 270 },
				"east": { "uv": [ 1, 14.5, 2, 16 ], "texture": "#texture", "rotation": 90 }
			}
		},
		{
			"__comment": "Tan",
			"from": [ 4, 14, 1 ],
			"to": [ 12, 15.5, 15 ],
			"faces": {
				"down": { "uv": [ 4, 1, 12, 15 ], "texture": "#particle" },
				"up": { "uv": [ 4, 1, 12, 15 ], "texture": "#particle" },
				"north": { "uv": [ 4, 0.5, 12, 2 ], "texture": "#particle" },
				"south": { "uv": [ 4, 0.5, 12, 2 ], "texture": "#particle" },
				"west": { "uv": [ 1, 0.5, 15, 2 ], "texture": "#particle" },
				"east": { "uv": [ 1, 0.5, 15, 2 ], "texture": "#particle" }
			}
		},
		{
			"__comment": "Tan",
			"from": [ 3, 14, 2 ],
			"to": [ 4, 15.5, 14 ],
			"faces": {
				"down": { "uv": [ 3, 2, 4, 14 ], "texture": "#particle" },
				"up": { "uv": [ 3, 2, 4, 14 ], "texture": "#particle" },
				"north": { "uv": [ 12, 0.5, 13, 2 ], "texture": "#particle" },
				"south": { "uv": [ 3, 0.5, 4, 2 ], "texture": "#particle" },
				"west": { "uv": [ 2, 0.5, 14, 2 ], "texture": "#particle" },
				"east": { "uv": [ 2, 0.5, 14, 2 ], "texture": "#particle" }
			}
		},
		{
			"__comment": "Tan",
			"from": [ 12, 14, 2 ],
			"to": [ 13, 15.5, 14 ],
			"faces": {
				"down": { "uv": [ 12, 2, 13, 14 ], "texture": "#particle" },
				"up": { "uv": [ 12, 2, 13, 14 ], "texture": "#particle" },
				"north": { "uv": [ 3, 0.5, 4, 2 ], "texture": "#particle" },
				"south": { "uv": [ 12, 0.5, 13, 2 ], "texture": "#particle" },
				"west": { "uv": [ 2, 0.5, 14, 2 ], "texture": "#particle" },
				"east": { "uv": [ 2, 0.5, 14, 2 ], "texture": "#particle" }
			}
		},
		{
			"__comment": "Tan",
			"from": [ 2, 14, 3 ],
			"to": [ 3, 15.5, 13 ],
			"faces": {
				"down": { "uv": [ 2, 3, 3, 13 ], "texture": "#particle" },
				"up": { "uv": [ 2, 3, 3, 13 ], "texture": "#particle" },
				"north": { "uv": [ 13, 0.5, 14, 2 ], "texture": "#particle" },
				"south": { "uv": [ 2, 0.5, 3, 2 ], "texture": "#particle" },
				"west": { "uv": [ 3, 0.5, 13, 2 ], "texture": "#particle" },
				"east": { "uv": [ 3, 0.5, 13, 2 ], "texture": "#particle" }
			}
		},
		{
			"__comment": "Tan",
			"from": [ 13, 14, 3 ],
			"to": [ 14, 15.5, 13 ],
			"faces": {
				"down": { "uv": [ 13, 3, 14, 13 ], "texture": "#particle" },
				"up": { "uv": [ 13, 3, 14, 13 ], "texture": "#particle" },
				"north": { "uv": [ 2, 0.5, 3, 2 ], "texture": "#particle" },
				"south": { "uv": [ 13, 0.5, 14, 2 ], "texture": "#particle" },
				"west": { "uv": [ 3, 0.5, 13, 2 ], "texture": "#particle" },
				"east": { "uv": [ 3, 0.5, 13, 2 ], "texture": "#particle" }
			}
		},
		{
			"__comment": "Tan",
			"from": [ 1, 14, 4 ],
			"to": [ 2, 15.5, 12 ],
			"faces": {
				"down": { "uv": [ 1, 4, 2, 12 ], "texture": "#particle" },
				"up": { "uv": [ 1, 4, 2, 12 ], "texture": "#particle" },
				"north": { "uv": [ 14, 0.5, 15, 2 ], "texture": "#particle" },
				"south": { "uv": [ 1, 0.5, 2, 2 ], "texture": "#particle" },
				"west": { "uv": [ 4, 0.5, 12, 2 ], "texture": "#particle" },
				"east": { "uv": [ 4, 0.5, 12, 2 ], "texture": "#particle" }
			}
		},
		{
			"__comment": "Tan",
			"from": [ 14, 14, 4 ],
			"to": [ 15, 15.5, 12 ],
			"faces": {
				"down": { "uv": [ 14, 4, 15, 12 ], "texture": "#particle" },
				"up": { "uv": [ 14, 4, 15, 12 ], "texture": "#particle" },
				"north": { "uv": [ 1, 0.5, 2, 2 ], "texture": "#particle" },
				"south": { "uv": [ 14, 0.5, 15, 2 ], "texture": "#particle" },
				"west": { "uv": [ 4, 0.5, 12, 2 ], "texture": "#particle" },
				"east": { "uv": [ 4, 0.5, 12, 2 ], "texture": "#particle" }
			}
		},
		{
			"__comment": "BlackLeg",
			"from": [ 11.125, 0, 11.125 ],
			"to": [ 12.625, 14, 12.625 ],
			"faces": {
				"down": { "uv": [ 11.125, 3.375, 12.625, 4.875 ], "texture": "#texture" },
				"up": { "uv": [ 11.125, 11.125, 12.625, 12.625 ], "texture": "#texture" },
				"north": { "uv": [ 3.375, 2, 4.875, 16 ], "texture": "#texture" },
				"south": { "uv": [ 11.125, 2, 12.625, 16 ], "texture": "#texture" },
				"west": { "uv": [ 11.125, 2, 12.625, 16 ], "texture": "#texture" },
				"east": { "uv": [ 3.375, 2, 4.875, 16 ], "texture": "#texture" }
			}
		},
		{
			"__comment": "BlackLeg",
			"from": [ 3.25, 0, 11 ],
			"to": [ 4.75, 14, 12.5 ],
			"faces": {
				"down": { "uv": [ 3.25, 3.5, 4.75, 5 ], "texture": "#texture" },
				"up": { "uv": [ 3.25, 11, 4.75, 12.5 ], "texture": "#texture" },
				"north": { "uv": [ 11.25, 2, 12.75, 16 ], "texture": "#texture" },
				"south": { "uv": [ 3.25, 2, 4.75, 16 ], "texture": "#texture" },
				"west": { "uv": [ 11, 2, 12.5, 16 ], "texture": "#texture" },
				"east": { "uv": [ 3.5, 2, 5, 16 ], "texture": "#texture" }
			}
		},
		{
			"__comment": "BlackLeg",
			"from": [ 3.5, 0, 3.25 ],
			"to": [ 5, 14, 4.75 ],
			"faces": {
				"down": { "uv": [ 3.5, 11.25, 5, 12.75 ], "texture": "#texture" },
				"up": { "uv": [ 3.5, 3.25, 5, 4.75 ], "texture": "#texture" },
				"north": { "uv": [ 11, 2, 12.5, 16 ], "texture": "#texture" },
				"south": { "uv": [ 3.5, 2, 5, 16 ], "texture": "#texture" },
				"west": { "uv": [ 3.25, 2, 4.75, 16 ], "texture": "#texture" },
				"east": { "uv": [ 11.25, 2, 12.75, 16 ], "texture": "#texture" }
			}
		},
		{
			"__comment": "BlackLeg",
			"from": [ 11, 0, 3.25 ],
			"to": [ 12.5, 14, 4.75 ],
			"faces": {
				"down": { "uv": [ 11, 11.25, 12.5, 12.75 ], "texture": "#texture" },
				"up": { "uv": [ 11, 3.25, 12.5, 4.75 ], "texture": "#texture" },
				"north": { "uv": [ 3.5, 2, 5, 16 ], "texture": "#texture" },
				"south": { "uv": [ 11, 2, 12.5, 16 ], "texture": "#texture" },
				"west": { "uv": [ 3.25, 2, 4.75, 16 ], "texture": "#texture" },
				"east": { "uv": [ 11.25, 2, 12.75, 16 ], "texture": "#texture" }
			}
		},
		{
			"__comment": "BlackLeg",
			"from": [ 7.25, 0, 12.5 ],
			"to": [ 8.75, 14, 14 ],
			"faces": {
				"down": { "uv": [ 7.25, 2, 8.75, 3.5 ], "texture": "#texture" },
				"up": { "uv": [ 7.25, 12.5, 8.75, 14 ], "texture": "#texture" },
				"north": { "uv": [ 7.25, 2, 8.75, 16 ], "texture": "#texture" },
				"south": { "uv": [ 7.25, 2, 8.75, 16 ], "texture": "#texture" },
				"west": { "uv": [ 12.5, 2, 14, 16 ], "texture": "#texture" },
				"east": { "uv": [ 2, 2, 3.5, 16 ], "texture": "#texture" }
			}
		},
		{
			"__comment": "BlackLeg",
			"from": [ 7.25, 0, 2 ],
			"to": [ 8.75, 14, 3.5 ],
			"faces": {
				"down": { "uv": [ 7.25, 12.5, 8.75, 14 ], "texture": "#texture" },
				"up": { "uv": [ 7.25, 2, 8.75, 3.5 ], "texture": "#texture" },
				"north": { "uv": [ 7.25, 2, 8.75, 16 ], "texture": "#texture" },
				"south": { "uv": [ 7.25, 2, 8.75, 16 ], "texture": "#texture" },
				"west": { "uv": [ 2, 2, 3.5, 16 ], "texture": "#texture" },
				"east": { "uv": [ 12.5, 2, 14, 16 ], "texture": "#texture" }
			}
		},
		{
			"__comment": "BlackLeg",
			"from": [ 2, 0, 7.25 ],
			"to": [ 3.5, 14, 8.75 ],
			"faces": {
				"down": { "uv": [ 2, 7.25, 3.5, 8.75 ], "texture": "#texture" },
				"up": { "uv": [ 2, 7.25, 3.5, 8.75 ], "texture": "#texture" },
				"north": { "uv": [ 12.5, 2, 14, 16 ], "texture": "#texture" },
				"south": { "uv": [ 2, 2, 3.5, 16 ], "texture": "#texture" },
				"west": { "uv": [ 7.25, 2, 8.75, 16 ], "texture": "#texture" },
				"east": { "uv": [ 7.25, 2, 8.75, 16 ], "texture": "#texture" }
			}
		},
		{
			"__comment": "BlackLeg",
			"from": [ 12.5, 0, 7.25 ],
			"to": [ 14, 14, 8.75 ],
			"faces": {
				"down": { "uv": [ 12.5, 7.25, 14, 8.75 ], "texture": "#texture" },
				"up": { "uv": [ 12.5, 7.25, 14, 8.75 ], "texture": "#texture" },
				"north": { "uv": [ 2, 2, 3.5, 16 ], "texture": "#texture" },
				"south": { "uv": [ 12.5, 2, 14, 16 ], "texture": "#texture" },
				"west": { "uv": [ 7.25, 2, 8.75, 16 ], "texture": "#texture" },
				"east": { "uv": [ 7.25, 2, 8.75, 16 ], "texture": "#texture" }
			}
		}
	],
	"display": {
		"thirdperson_righthand": {
			"rotation":  [ 75, 45, 0 ],
			"translation":  [ 0, 2.5, 0 ],
			"scale":  [ 0.375, 0.375, 0.375 ]
		},
		"thirdperson_lefthand": {
			"rotation":  [ 75, 45, 0 ],
			"translation":  [ 0, 2.5, 0 ],
			"scale":  [ 0.375, 0.375, 0.375 ]
		},
		"firstperson_righthand": {
			"rotation":  [ 0, 45, 0 ],
			"scale":  [ 0.4, 0.4, 0.4 ]
		},
		"firstperson_lefthand": {
			"rotation":  [ 0, 45, 0 ],
			"scale":  [ 0.4, 0.4, 0.4 ]
		},
		"gui": {
			"rotation":  [ 30, 225, 0 ],
			"scale":  [ 0.625, 0.625, 0.625 ]
		},
		"head": {
			"scale":  [ 1.5, 1.5, 1.5 ]
		},
		"ground": {
			"translation":  [ 0, 3, 0 ],
			"scale":  [ 0.25, 0.25, 0.25 ]
		},
		"fixed": {
			"scale":  [ 0.5, 0.5, 0.5 ]
		}
	}
}