{
	"__comment": "by GodRicl",
	"textures": {
		"particle": "block/floor_switch_color",
		"texture": "block/black_concrete"
	},
	"elements": [ 	 
		{
			"__comment": "black",
			"from": [ 4, 0, -0.5 ],
			"to": [ 12, 4, 1 ],
			"faces": {
				"down": { "uv": [ 4, 15, 12, 16 ], "texture": "#texture" },
				"up": { "uv": [ 4, 0, 12, 1 ], "texture": "#texture" },
				"north": { "uv": [ 4, 12, 12, 16 ], "texture": "#texture" },
				"south": { "uv": [ 4, 12, 12, 16 ], "texture": "#texture" },
				"west": { "uv": [ 0, 12, 1, 16 ], "texture": "#texture" },
				"east": { "uv": [ 15, 12, 16, 16 ], "texture": "#texture" }
			}
		},
		{
			"__comment": "black",
			"from": [ 4, 0, 15 ],
			"to": [ 12, 4, 16.5 ],
			"faces": {
				"down": { "uv": [ 4, 0, 12, 1 ], "texture": "#texture" },
				"up": { "uv": [ 4, 15, 12, 16 ], "texture": "#texture" },
				"north": { "uv": [ 4, 12, 12, 16 ], "texture": "#texture" },
				"south": { "uv": [ 4, 12, 12, 16 ], "texture": "#texture" },
				"west": { "uv": [ 15, 12, 16, 16 ], "texture": "#texture" },
				"east": { "uv": [ 0, 12, 1, 16 ], "texture": "#texture" }
			}
		},
		{
			"__comment": "black",
			"from": [ 2.5, 0, 1 ],
			"to": [ 4, 4, 2.5 ],
			"faces": {
				"down": { "uv": [ 2.5, 13.5, 4, 15 ], "texture": "#texture" },
				"up": { "uv": [ 2.5, 1, 4, 2.5 ], "texture": "#texture" },
				"north": { "uv": [ 12, 12, 13.5, 16 ], "texture": "#texture" },
				"south": { "uv": [ 2.5, 12, 4, 16 ], "texture": "#texture" },
				"west": { "uv": [ 1, 12, 2.5, 16 ], "texture": "#texture" },
				"east": { "uv": [ 13.5, 12, 15, 16 ], "texture": "#texture" }
			}
		},
		{
			"__comment": "black",
			"from": [ 1, 0, 2.5 ],
			"to": [ 2.5, 4, 4 ],
			"faces": {
				"down": { "uv": [ 1, 12, 2.5, 13.5 ], "texture": "#texture" },
				"up": { "uv": [ 1, 2.5, 2.5, 4 ], "texture": "#texture" },
				"north": { "uv": [ 13.5, 12, 15, 16 ], "texture": "#texture" },
				"south": { "uv": [ 1, 12, 2.5, 16 ], "texture": "#texture" },
				"west": { "uv": [ 2.5, 12, 4, 16 ], "texture": "#texture" },
				"east": { "uv": [ 12, 12, 13.5, 16 ], "texture": "#texture" }
			}
		},
		{
			"__comment": "black",
			"from": [ -0.5, 0, 4 ],
			"to": [ 1, 4, 12 ],
			"faces": {
				"down": { "uv": [ 0, 4, 1, 12 ], "texture": "#texture" },
				"up": { "uv": [ 0, 4, 1, 12 ], "texture": "#texture" },
				"north": { "uv": [ 15, 12, 16, 16 ], "texture": "#texture" },
				"south": { "uv": [ 0, 12, 1, 16 ], "texture": "#texture" },
				"west": { "uv": [ 4, 12, 12, 16 ], "texture": "#texture" },
				"east": { "uv": [ 4, 12, 12, 16 ], "texture": "#texture" }
			}
		},
		{
			"__comment": "black",
			"from": [ 2.5, 0, 13.5 ],
			"to": [ 4, 4, 15 ],
			"faces": {
				"down": { "uv": [ 2.5, 1, 4, 2.5 ], "texture": "#texture" },
				"up": { "uv": [ 2.5, 13.5, 4, 15 ], "texture": "#texture" },
				"north": { "uv": [ 12, 12, 13.5, 16 ], "texture": "#texture" },
				"south": { "uv": [ 2.5, 12, 4, 16 ], "texture": "#texture" },
				"west": { "uv": [ 13.5, 12, 15, 16 ], "texture": "#texture" },
				"east": { "uv": [ 1, 12, 2.5, 16 ], "texture": "#texture" }
			}
		},
		{
			"__comment": "black",
			"from": [ 1, 0, 12 ],
			"to": [ 2.5, 4, 13.5 ],
			"faces": {
				"down": { "uv": [ 1, 2.5, 2.5, 4 ], "texture": "#texture" },
				"up": { "uv": [ 1, 12, 2.5, 13.5 ], "texture": "#texture" },
				"north": { "uv": [ 13.5, 12, 15, 16 ], "texture": "#texture" },
				"south": { "uv": [ 1, 12, 2.5, 16 ], "texture": "#texture" },
				"west": { "uv": [ 12, 12, 13.5, 16 ], "texture": "#texture" },
				"east": { "uv": [ 2.5, 12, 4, 16 ], "texture": "#texture" }
			}
		},
		{
			"__comment": "black",
			"from": [ 12, 0, 13.5 ],
			"to": [ 13.5, 4, 15 ],
			"faces": {
				"down": { "uv": [ 12, 1, 13.5, 2.5 ], "texture": "#texture" },
				"up": { "uv": [ 12, 13.5, 13.5, 15 ], "texture": "#texture" },
				"north": { "uv": [ 2.5, 12, 4, 16 ], "texture": "#texture" },
				"south": { "uv": [ 12, 12, 13.5, 16 ], "texture": "#texture" },
				"west": { "uv": [ 13.5, 12, 15, 16 ], "texture": "#texture" },
				"east": { "uv": [ 1, 12, 2.5, 16 ], "texture": "#texture" }
			}
		},
		{
			"__comment": "black",
			"from": [ 13.5, 0, 12 ],
			"to": [ 15, 4, 13.5 ],
			"faces": {
				"down": { "uv": [ 13.5, 2.5, 15, 4 ], "texture": "#texture" },
				"up": { "uv": [ 13.5, 12, 15, 13.5 ], "texture": "#texture" },
				"north": { "uv": [ 1, 12, 2.5, 16 ], "texture": "#texture" },
				"south": { "uv": [ 13.5, 12, 15, 16 ], "texture": "#texture" },
				"west": { "uv": [ 12, 12, 13.5, 16 ], "texture": "#texture" },
				"east": { "uv": [ 2.5, 12, 4, 16 ], "texture": "#texture" }
			}
		},
		{
			"__comment": "black",
			"from": [ 12, 0, 1 ],
			"to": [ 13.5, 4, 2.5 ],
			"faces": {
				"down": { "uv": [ 12, 13.5, 13.5, 15 ], "texture": "#texture" },
				"up": { "uv": [ 12, 1, 13.5, 2.5 ], "texture": "#texture" },
				"north": { "uv": [ 2.5, 12, 4, 16 ], "texture": "#texture" },
				"south": { "uv": [ 12, 12, 13.5, 16 ], "texture": "#texture" },
				"west": { "uv": [ 1, 12, 2.5, 16 ], "texture": "#texture" },
				"east": { "uv": [ 13.5, 12, 15, 16 ], "texture": "#texture" }
			}
		},
		{
			"__comment": "black",
			"from": [ 13.5, 0, 2.5 ],
			"to": [ 15, 4, 4 ],
			"faces": {
				"down": { "uv": [ 13.5, 12, 15, 13.5 ], "texture": "#texture" },
				"up": { "uv": [ 13.5, 2.5, 15, 4 ], "texture": "#texture" },
				"north": { "uv": [ 1, 12, 2.5, 16 ], "texture": "#texture" },
				"south": { "uv": [ 13.5, 12, 15, 16 ], "texture": "#texture" },
				"west": { "uv": [ 2.5, 12, 4, 16 ], "texture": "#texture" },
				"east": { "uv": [ 12, 12, 13.5, 16 ], "texture": "#texture" }
			}
		},
		{
			"__comment": "black",
			"from": [ 15, 0, 4 ],
			"to": [ 16.5, 4, 12 ],
			"faces": {
				"down": { "uv": [ 15, 4, 16, 12 ], "texture": "#texture" },
				"up": { "uv": [ 15, 4, 16, 12 ], "texture": "#texture" },
				"north": { "uv": [ 0, 12, 1, 16 ], "texture": "#texture" },
				"south": { "uv": [ 15, 12, 16, 16 ], "texture": "#texture" },
				"west": { "uv": [ 4, 12, 12, 16 ], "texture": "#texture" },
				"east": { "uv": [ 4, 12, 12, 16 ], "texture": "#texture" }
			}
		},
		{
			"__comment": "gray",
			"from": [ 4, 0, 1 ],
			"to": [ 12, 5, 15 ],
			"faces": {
				"down": { "uv": [ 4, 1, 12, 15 ], "texture": "#particle" },
				"up": { "uv": [ 4, 1, 12, 15 ], "texture": "#particle" },
				"north": { "uv": [ 4, 11, 12, 16 ], "texture": "#particle" },
				"south": { "uv": [ 4, 11, 12, 16 ], "texture": "#particle" },
				"west": { "uv": [ 1, 11, 15, 16 ], "texture": "#particle" },
				"east": { "uv": [ 1, 11, 15, 16 ], "texture": "#particle" }
			}
		},
		{
			"__comment": "gray",
			"from": [ 2.5, 0, 2.5 ],
			"to": [ 4, 5, 13.5 ],
			"faces": {
				"down": { "uv": [ 2.5, 2.5, 4, 13.5 ], "texture": "#particle" },
				"up": { "uv": [ 2.5, 2.5, 4, 13.5 ], "texture": "#particle" },
				"north": { "uv": [ 12, 11, 13.5, 16 ], "texture": "#particle" },
				"south": { "uv": [ 2.5, 11, 4, 16 ], "texture": "#particle" },
				"west": { "uv": [ 2.5, 11, 13.5, 16 ], "texture": "#particle" },
				"east": { "uv": [ 2.5, 11, 13.5, 16 ], "texture": "#particle" }
			}
		},
		{
			"__comment": "gray",
			"from": [ 12, 0, 2.5 ],
			"to": [ 13.5, 5, 13.5 ],
			"faces": {
				"down": { "uv": [ 12, 2.5, 13.5, 13.5 ], "texture": "#particle" },
				"up": { "uv": [ 12, 2.5, 13.5, 13.5 ], "texture": "#particle" },
				"north": { "uv": [ 2.5, 11, 4, 16 ], "texture": "#particle" },
				"south": { "uv": [ 12, 11, 13.5, 16 ], "texture": "#particle" },
				"west": { "uv": [ 2.5, 11, 13.5, 16 ], "texture": "#particle" },
				"east": { "uv": [ 2.5, 11, 13.5, 16 ], "texture": "#particle" }
			}
		},
		{
			"__comment": "gray",
			"from": [ 13.5, 0, 4 ],
			"to": [ 15, 5, 12 ],
			"faces": {
				"down": { "uv": [ 13.5, 4, 15, 12 ], "texture": "#particle" },
				"up": { "uv": [ 13.5, 4, 15, 12 ], "texture": "#particle" },
				"north": { "uv": [ 1, 11, 2.5, 16 ], "texture": "#particle" },
				"south": { "uv": [ 13.5, 11, 15, 16 ], "texture": "#particle" },
				"west": { "uv": [ 4, 11, 12, 16 ], "texture": "#particle" },
				"east": { "uv": [ 4, 11, 12, 16 ], "texture": "#particle" }
			}
		},
		{
			"__comment": "gray",
			"from": [ 1, 0, 4 ],
			"to": [ 2.5, 5, 12 ],
			"faces": {
				"down": { "uv": [ 1, 4, 2.5, 12 ], "texture": "#particle" },
				"up": { "uv": [ 1, 4, 2.5, 12 ], "texture": "#particle" },
				"north": { "uv": [ 13.5, 11, 15, 16 ], "texture": "#particle" },
				"south": { "uv": [ 1, 11, 2.5, 16 ], "texture": "#particle" },
				"west": { "uv": [ 4, 11, 12, 16 ], "texture": "#particle" },
				"east": { "uv": [ 4, 11, 12, 16 ], "texture": "#particle" }
			}
		}
	],
	"display": {
		"thirdperson_righthand": {
			"rotation":  [ 75, 45, 0 ],
			"translation":  [ 0, 2.5, 1.5 ],
			"scale":  [ 0.375, 0.375, 0.375 ]
		},
		"thirdperson_lefthand": {
			"rotation":  [ 75, 45, 0 ],
			"translation":  [ 0, 2.5, 1.5 ],
			"scale":  [ 0.375, 0.375, 0.375 ]
		},
		"firstperson_righthand": {
			"rotation":  [ 0, 45, 0 ],
			"scale":  [ 0.4, 0.4, 0.4 ]
		},
		"firstperson_lefthand": {
			"rotation":  [ 0, 45, 0 ],
			"scale":  [ 0.4, 0.4, 0.4 ]
		},
		"gui": {
			"rotation":  [ 30, 225, 0 ],
			"scale":  [ 0.625, 0.625, 0.625 ]
		},
		"ground": {
			"translation":  [ 0, 3, 0 ],
			"scale":  [ 0.25, 0.25, 0.25 ]
		},
		"fixed": {
			"scale":  [ 0.5, 0.5, 0.5 ]
		}
	}
}