{
	"__comment": "by GodRicl",
	"parent": "block/block",
	"textures": {
		"particle": "block/magenta_concrete",
		"side": "block/stripped_cherry_log"
	},
	"elements": [ 	 
		{
			"__comment": "Box",
			"from": [ 0, 0, 0 ],
			"to": [ 16, 16, 16 ],
			"faces": {
				"down": { "uv": [ 16, 16, 0, 0 ], "texture": "#side" },
				"up": { "uv": [ 0, 0, 16, 16 ], "texture": "#side" },
				"north": { "uv": [ 16, 16, 0, 0 ], "texture": "#particle" },
				"south": { "uv": [ 0, 0, 16, 16 ], "texture": "#particle" },
				"west": { "uv": [ 0, 0, 16, 16 ], "texture": "#side", "rotation": 270 },
				"east": { "uv": [ 0, 0, 16, 16 ], "texture": "#side", "rotation": 90 }
			}
		}
	]
}