{
	"__comment": "by GodRicl",
	"textures": {
		"particle": "block/trap_thorn",
		"texture": "block/trap_thorn"
	},
	"elements": [ 	 
		{
			"__comment": "ThronLine",
			"from": [ 11.71, 2, 3.5 ],
			"to": [ 13.75, 6, 6.5 ],
			"faces": {
				"down": { "uv": [ 0, 14.16667, 16, 16 ], "texture": "#texture", "rotation": 180 },
				"up": { "uv": [ 0, 14.16667, 16, 16 ], "texture": "#texture", "rotation": 180 },
				"north": { "uv": [ 0, 14, 16, 16 ], "texture": "#texture" },
				"south": { "uv": [ 0, 14, 16, 16 ], "texture": "#texture" },
				"west": { "uv": [ 13.5, 14, 16, 16 ], "texture": "#texture" },
				"east": { "uv": [ 0, 14, 2.5, 16 ], "texture": "#texture" }
			}
		},
		{
			"__comment": "ThronLine",
			"from": [ 2.53, 0, 3.5 ],
			"to": [ 13.75, 2, 6.5 ],
			"faces": {
				"down": { "uv": [ 0, 14.16667, 16, 16 ], "texture": "#texture", "rotation": 180 },
				"up": { "uv": [ 0, 14.16667, 16, 16 ], "texture": "#texture", "rotation": 180 },
				"north": { "uv": [ 0, 14, 16, 16 ], "texture": "#texture" },
				"south": { "uv": [ 0, 14, 16, 16 ], "texture": "#texture" },
				"west": { "uv": [ 13.5, 14, 16, 16 ], "texture": "#texture" },
				"east": { "uv": [ 0, 14, 2.5, 16 ], "texture": "#texture" }
			}
		},
		{
			"__comment": "ThronLine",
			"from": [ 2.53, 2, 3.5 ],
			"to": [ 4.57, 6, 6.5 ],
			"faces": {
				"down": { "uv": [ 0, 14.16667, 16, 16 ], "texture": "#texture", "rotation": 180 },
				"up": { "uv": [ 0, 14.16667, 16, 16 ], "texture": "#texture", "rotation": 180 },
				"north": { "uv": [ 0, 14, 16, 16 ], "texture": "#texture" },
				"south": { "uv": [ 0, 14, 16, 16 ], "texture": "#texture" },
				"west": { "uv": [ 13.5, 14, 16, 16 ], "texture": "#texture" },
				"east": { "uv": [ 0, 14, 2.5, 16 ], "texture": "#texture" }
			}
		},
		{
			"__comment": "ThronLine",
			"from": [ 10.18, 6, 3.5 ],
			"to": [ 11.71, 10, 6.5 ],
			"faces": {
				"down": { "uv": [ 0, 14.16667, 16, 16 ], "texture": "#texture", "rotation": 180 },
				"up": { "uv": [ 0, 14.16667, 16, 16 ], "texture": "#texture", "rotation": 180 },
				"north": { "uv": [ 0, 14, 16, 16 ], "texture": "#texture" },
				"south": { "uv": [ 0, 14, 16, 16 ], "texture": "#texture" },
				"west": { "uv": [ 13.5, 14, 16, 16 ], "texture": "#texture" },
				"east": { "uv": [ 0, 14, 2.5, 16 ], "texture": "#texture" }
			}
		},
		{
			"__comment": "ThronLine",
			"from": [ 4.57, 6, 3.5 ],
			"to": [ 6.099999, 10, 6.5 ],
			"faces": {
				"down": { "uv": [ 0, 14.16667, 16, 16 ], "texture": "#texture", "rotation": 180 },
				"up": { "uv": [ 0, 14.16667, 16, 16 ], "texture": "#texture", "rotation": 180 },
				"north": { "uv": [ 0, 14, 16, 16 ], "texture": "#texture" },
				"south": { "uv": [ 0, 14, 16, 16 ], "texture": "#texture" },
				"west": { "uv": [ 13.5, 14, 16, 16 ], "texture": "#texture" },
				"east": { "uv": [ 0, 14, 2.5, 16 ], "texture": "#texture" }
			}
		},
		{
			"__comment": "ThronLine",
			"from": [ 6.1, 10, 3.5 ],
			"to": [ 7.63, 14, 6.5 ],
			"faces": {
				"down": { "uv": [ 0, 14.16667, 16, 16 ], "texture": "#texture", "rotation": 180 },
				"up": { "uv": [ 0, 14.16667, 16, 16 ], "texture": "#texture", "rotation": 180 },
				"north": { "uv": [ 0, 14, 16, 16 ], "texture": "#texture" },
				"south": { "uv": [ 0, 14, 16, 16 ], "texture": "#texture" },
				"west": { "uv": [ 13.5, 14, 16, 16 ], "texture": "#texture" },
				"east": { "uv": [ 0, 14, 2.5, 16 ], "texture": "#texture" }
			}
		},
		{
			"__comment": "ThronLine",
			"from": [ 8.65, 10, 3.5 ],
			"to": [ 10.18, 14, 6.5 ],
			"faces": {
				"down": { "uv": [ 0, 14.16667, 16, 16 ], "texture": "#texture", "rotation": 180 },
				"up": { "uv": [ 0, 14.16667, 16, 16 ], "texture": "#texture", "rotation": 180 },
				"north": { "uv": [ 0, 14, 16, 16 ], "texture": "#texture" },
				"south": { "uv": [ 0, 14, 16, 16 ], "texture": "#texture" },
				"west": { "uv": [ 13.5, 14, 16, 16 ], "texture": "#texture" },
				"east": { "uv": [ 0, 14, 2.5, 16 ], "texture": "#texture" }
			}
		},
		{
			"__comment": "ThronLine",
			"from": [ 7.63, 14, 3.5 ],
			"to": [ 8.65, 16, 6.5 ],
			"faces": {
				"down": { "uv": [ 0, 14.16667, 16, 16 ], "texture": "#texture", "rotation": 180 },
				"up": { "uv": [ 0, 14.16667, 16, 16 ], "texture": "#texture", "rotation": 180 },
				"north": { "uv": [ 0, 14, 16, 16 ], "texture": "#texture" },
				"south": { "uv": [ 0, 14, 16, 16 ], "texture": "#texture" },
				"west": { "uv": [ 13.5, 14, 16, 16 ], "texture": "#texture" },
				"east": { "uv": [ 0, 14, 2.5, 16 ], "texture": "#texture" }
			}
		},
		{
			"__comment": "ThronInnerWhite",
			"from": [ 7.63, 10, 3.5 ],
			"to": [ 8.65, 14, 6.5 ],
			"faces": {
				"down": { "uv": [ 7.125, 2, 9, 5.666667 ], "texture": "#texture", "rotation": 180 },
				"up": { "uv": [ 7.125, 2, 9, 5.666667 ], "texture": "#texture", "rotation": 180 },
				"north": { "uv": [ 7.125, 2, 9, 5.666667 ], "texture": "#texture" },
				"south": { "uv": [ 7.125, 2, 9, 5.666667 ], "texture": "#texture" },
				"west": { "uv": [ 7.125, 2, 9, 5.666667 ], "texture": "#texture" },
				"east": { "uv": [ 7.125, 2, 9, 5.666667 ], "texture": "#texture" }
			}
		},
		{
			"__comment": "ThronInnerWhite",
			"from": [ 8.65, 6, 3.5 ],
			"to": [ 10.18, 10, 6.5 ],
			"faces": {
				"down": { "uv": [ 7.125, 2, 9, 5.666667 ], "texture": "#texture", "rotation": 180 },
				"up": { "uv": [ 7.125, 2, 9, 5.666667 ], "texture": "#texture", "rotation": 180 },
				"north": { "uv": [ 7.125, 2, 9, 5.666667 ], "texture": "#texture" },
				"south": { "uv": [ 7.125, 2, 9, 5.666667 ], "texture": "#texture" },
				"west": { "uv": [ 7.125, 2, 9, 5.666667 ], "texture": "#texture" },
				"east": { "uv": [ 7.125, 2, 9, 5.666667 ], "texture": "#texture" }
			}
		},
		{
			"__comment": "ThronInnerGray",
			"from": [ 6.1, 6, 3.5 ],
			"to": [ 8.65, 10, 6.5 ],
			"faces": {
				"down": { "uv": [ 7.125, 6, 9, 9.666667 ], "texture": "#texture", "rotation": 180 },
				"up": { "uv": [ 7.125, 6, 9, 9.666667 ], "texture": "#texture", "rotation": 180 },
				"north": { "uv": [ 7.125, 6, 9, 9.666667 ], "texture": "#texture" },
				"south": { "uv": [ 7.125, 6, 9, 9.666667 ], "texture": "#texture" },
				"west": { "uv": [ 7.125, 6, 9, 9.666667 ], "texture": "#texture" },
				"east": { "uv": [ 7.125, 6, 9, 9.666667 ], "texture": "#texture" }
			}
		},
		{
			"__comment": "ThronInnerGray",
			"from": [ 6.1, 3.5, 3.5 ],
			"to": [ 10.18, 6, 6.5 ],
			"faces": {
				"down": { "uv": [ 7.125, 6, 9, 9.666667 ], "texture": "#texture", "rotation": 180 },
				"up": { "uv": [ 7.125, 6, 9, 9.666667 ], "texture": "#texture", "rotation": 180 },
				"north": { "uv": [ 7.125, 6, 9, 9.666667 ], "texture": "#texture" },
				"south": { "uv": [ 7.125, 6, 9, 9.666667 ], "texture": "#texture" },
				"west": { "uv": [ 7.125, 6, 9, 9.666667 ], "texture": "#texture" },
				"east": { "uv": [ 7.125, 6, 9, 9.666667 ], "texture": "#texture" }
			}
		},
		{
			"__comment": "ThronInnerDarkGray",
			"from": [ 10.18, 2, 3.5 ],
			"to": [ 11.71, 6, 6.5 ],
			"faces": {
				"down": { "uv": [ 2.625, 10, 4.125, 13.33333 ], "texture": "#texture", "rotation": 180 },
				"up": { "uv": [ 2.625, 10, 4.125, 13.33333 ], "texture": "#texture", "rotation": 180 },
				"north": { "uv": [ 2.625, 10, 4.125, 13.33333 ], "texture": "#texture" },
				"south": { "uv": [ 2.625, 10, 4.125, 13.33333 ], "texture": "#texture" },
				"west": { "uv": [ 2.625, 10, 4.125, 13.33333 ], "texture": "#texture" },
				"east": { "uv": [ 2.625, 10, 4.125, 13.33333 ], "texture": "#texture" }
			}
		},
		{
			"__comment": "ThronInnerDarkGray",
			"from": [ 6.1, 2, 3.5 ],
			"to": [ 10.18, 3.5, 6.5 ],
			"faces": {
				"down": { "uv": [ 2.625, 10, 4.125, 13.33333 ], "texture": "#texture", "rotation": 180 },
				"up": { "uv": [ 2.625, 10, 4.125, 13.33333 ], "texture": "#texture", "rotation": 180 },
				"north": { "uv": [ 2.625, 10, 4.125, 13.33333 ], "texture": "#texture" },
				"south": { "uv": [ 2.625, 10, 4.125, 13.33333 ], "texture": "#texture" },
				"west": { "uv": [ 2.625, 10, 4.125, 13.33333 ], "texture": "#texture" },
				"east": { "uv": [ 2.625, 10, 4.125, 13.33333 ], "texture": "#texture" }
			}
		},
		{
			"__comment": "ThronInnerDarkGray",
			"from": [ 4.57, 2, 3.5 ],
			"to": [ 6.099999, 6, 6.5 ],
			"faces": {
				"down": { "uv": [ 2.625, 10, 4.125, 13.33333 ], "texture": "#texture", "rotation": 180 },
				"up": { "uv": [ 2.625, 10, 4.125, 13.33333 ], "texture": "#texture", "rotation": 180 },
				"north": { "uv": [ 2.625, 10, 4.125, 13.33333 ], "texture": "#texture" },
				"south": { "uv": [ 2.625, 10, 4.125, 13.33333 ], "texture": "#texture" },
				"west": { "uv": [ 2.625, 10, 4.125, 13.33333 ], "texture": "#texture" },
				"east": { "uv": [ 2.625, 10, 4.125, 13.33333 ], "texture": "#texture" }
			}
		}
	]
}