{
  "variants": {
	  
    "facing=east,half=bottom,shape=inner_left": {
      "model": "minecraft:block/ruins_right_angle_bottom_right"
    },
	
	"facing=north,half=bottom,shape=inner_left": {
      "model": "minecraft:block/ruins_right_angle_bottom_left"
    },
	
	"facing=east,half=top,shape=inner_left": {
      "model": "minecraft:block/ruins_right_angle_top_right"
    },
	
	"facing=north,half=top,shape=inner_left": {
      "model": "minecraft:block/ruins_right_angle_top_left"
    }
  }
}
