{
  "variants": {
    "facing=east,half=top,shape=straight": {
		"model": "block/polished_diorite_stairs_top_east"
    },
	"facing=west,half=top,shape=straight": {
		"model": "block/polished_diorite_stairs_top_west"
    },
	"facing=east,half=bottom,shape=straight": {
		"model": "block/polished_diorite_stairs_bottom_east"
    },
	"facing=west,half=bottom,shape=straight": {
		"model": "block/polished_diorite_stairs_bottom_west"
    },
	
	"facing=north,half=top,shape=straight": {
		"model": "block/trap_bottom_right",
		"y": 180
    },
	"facing=west,half=top,shape=inner_left": {
		"model": "block/trap_top_right",
		"y": 180
	},
	"facing=south,half=top,shape=inner_left": {
		"model": "block/trap_top_left",
		"y": 180
	},
	"facing=east,half=top,shape=inner_left": {
		"model": "block/trap_bottom_left",
		"y": 180
	},
	"facing=north,half=top,shape=inner_left": {
		"model": "block/trap_bottom_right",
		"y": 180
	},
	
	"facing=east,half=top,shape=outer_left": {
		"model": "block/trap_bottom_left",
		"y": 180
	}
  }
}