{
  "overrides": [
	{
      "predicate": { "custom_model_data": 0 },
      "model": "item/ruins_arrow_under_model"
    },
    {
      "predicate": { "custom_model_data": 1 },
      "model": "item/ruins_arrow_under_left_model"
    },
	{
      "predicate": { "custom_model_data": 2 },
      "model": "item/ruins_arrow_left_model"
    },
	{
      "predicate": { "custom_model_data": 3 },
      "model": "item/ruins_some_lines_model"
    }
  ],
  "display": {
    "thirdperson_righthand": {
      "rotation": [ 0, 100, 0 ],
      "translation": [ -1, -1, 0 ],
      "scale": [ 0.9, 0.9, 0.9 ]
    },
    "firstperson_righthand": {
      "rotation": [ 0, 100, 0 ],
      "translation": [ 0, -2, 0 ],
      "scale": [ 0.9, 0.9, 0.9 ]
    },
	"fixed": {
		"scale":  [ 1, 1, 1 ]
	}
  }
}
